{
    "total": [
        {
            "id": "509484270",
            "count": 112
        },
        {
            "id": "61558375753756",
            "count": 49
        },
        {
            "id": "100078930363394",
            "count": 372
        },
        {
            "id": "100035421814099",
            "count": 243
        },
        {
            "id": "61559815301855",
            "count": 0
        },
        {
            "id": "100070906366737",
            "count": 0
        },
        {
            "id": "61563830666547",
            "count": 0
        }
    ],
    "week": [
        {
            "id": "509484270",
            "count": 112
        },
        {
            "id": "61558375753756",
            "count": 49
        },
        {
            "id": "100078930363394",
            "count": 372
        },
        {
            "id": "100035421814099",
            "count": 243
        },
        {
            "id": "61559815301855",
            "count": 0
        },
        {
            "id": "100070906366737",
            "count": 0
        },
        {
            "id": "61563830666547",
            "count": 0
        }
    ],
    "day": [
        {
            "id": "509484270",
            "count": 112
        },
        {
            "id": "61558375753756",
            "count": 49
        },
        {
            "id": "100078930363394",
            "count": 372
        },
        {
            "id": "100035421814099",
            "count": 243
        },
        {
            "id": "61559815301855",
            "count": 0
        },
        {
            "id": "100070906366737",
            "count": 0
        },
        {
            "id": "61563830666547",
            "count": 0
        }
    ],
    "time": 0,
    "last": {
        "time": 2,
        "day": [
            {
                "id": "509484270",
                "count": 0
            },
            {
                "id": "61558375753756",
                "count": 0
            },
            {
                "id": "100078930363394",
                "count": 0
            },
            {
                "id": "100086534678860",
                "count": 0
            },
            {
                "id": "100035421814099",
                "count": 0
            },
            {
                "id": "61562598556457",
                "count": 0
            },
            {
                "id": "61559815301855",
                "count": 0
            },
            {
                "id": "100070906366737",
                "count": 0
            },
            {
                "id": "1331814336",
                "count": 0
            },
            {
                "id": "61563830666547",
                "count": 0
            }
        ],
        "week": [
            {
                "id": "509484270",
                "count": 0
            },
            {
                "id": "61558375753756",
                "count": 0
            },
            {
                "id": "100078930363394",
                "count": 0
            },
            {
                "id": "100086534678860",
                "count": 0
            },
            {
                "id": "100035421814099",
                "count": 0
            },
            {
                "id": "61562598556457",
                "count": 0
            },
            {
                "id": "61559815301855",
                "count": 0
            },
            {
                "id": "100070906366737",
                "count": 0
            },
            {
                "id": "1331814336",
                "count": 0
            },
            {
                "id": "61563830666547",
                "count": 0
            }
        ]
    }
}