{
    "total": [
        {
            "id": "100041105450808",
            "count": 324
        },
        {
            "id": "61550595215938",
            "count": 5
        },
        {
            "id": "100035421814099",
            "count": 164
        },
        {
            "id": "100010766448104",
            "count": 0
        },
        {
            "id": "100068096370437",
            "count": 69
        },
        {
            "id": "100072602452149",
            "count": 23
        },
        {
            "id": "100018088576695",
            "count": 0
        },
        {
            "id": "100066544365480",
            "count": 1
        },
        {
            "id": "100085073240621",
            "count": 1
        },
        {
            "id": "100041468498320",
            "count": 2
        },
        {
            "id": "100068009795358",
            "count": 25
        },
        {
            "id": "100041284150157",
            "count": 0
        },
        {
            "id": "100082329843728",
            "count": 1
        },
        {
            "id": "100078960698295",
            "count": 0
        },
        {
            "id": "100073280626414",
            "count": 301
        },
        {
            "id": "100089947783039",
            "count": 257
        },
        {
            "id": "100003005551763",
            "count": 169
        },
        {
            "id": "100037211391552",
            "count": 0
        },
        {
            "id": "100023857290364",
            "count": 7
        },
        {
            "id": "100030382712907",
            "count": 7
        },
        {
            "id": "100000493975005",
            "count": 12
        },
        {
            "id": "100082668132301",
            "count": 147
        },
        {
            "id": "100037741424837",
            "count": 0
        },
        {
            "id": "100078930363394",
            "count": 97
        },
        {
            "id": "509484270",
            "count": 15
        },
        {
            "id": "1551310958",
            "count": 1
        },
        {
            "id": "100009713618289",
            "count": 20
        },
        {
            "id": "100090095755829",
            "count": 12
        },
        {
            "id": "100094066556091",
            "count": 0
        },
        {
            "id": "502275138",
            "count": 7
        },
        {
            "id": "61558375753756",
            "count": 2
        },
        {
            "id": "100027666233195",
            "count": 0
        },
        {
            "id": "100071958302969",
            "count": 0
        }
    ],
    "week": [
        {
            "id": "100041105450808",
            "count": 324
        },
        {
            "id": "61550595215938",
            "count": 5
        },
        {
            "id": "100035421814099",
            "count": 164
        },
        {
            "id": "100010766448104",
            "count": 0
        },
        {
            "id": "100068096370437",
            "count": 69
        },
        {
            "id": "100072602452149",
            "count": 23
        },
        {
            "id": "100018088576695",
            "count": 0
        },
        {
            "id": "100066544365480",
            "count": 1
        },
        {
            "id": "100085073240621",
            "count": 1
        },
        {
            "id": "100041468498320",
            "count": 2
        },
        {
            "id": "100068009795358",
            "count": 25
        },
        {
            "id": "100041284150157",
            "count": 0
        },
        {
            "id": "100082329843728",
            "count": 1
        },
        {
            "id": "100078960698295",
            "count": 0
        },
        {
            "id": "100073280626414",
            "count": 301
        },
        {
            "id": "100089947783039",
            "count": 257
        },
        {
            "id": "100003005551763",
            "count": 169
        },
        {
            "id": "100037211391552",
            "count": 0
        },
        {
            "id": "100023857290364",
            "count": 7
        },
        {
            "id": "100030382712907",
            "count": 7
        },
        {
            "id": "100000493975005",
            "count": 12
        },
        {
            "id": "100082668132301",
            "count": 147
        },
        {
            "id": "100037741424837",
            "count": 0
        },
        {
            "id": "100078930363394",
            "count": 97
        },
        {
            "id": "509484270",
            "count": 15
        },
        {
            "id": "1551310958",
            "count": 1
        },
        {
            "id": "100009713618289",
            "count": 20
        },
        {
            "id": "100090095755829",
            "count": 12
        },
        {
            "id": "100094066556091",
            "count": 0
        },
        {
            "id": "502275138",
            "count": 7
        },
        {
            "id": "61558375753756",
            "count": 2
        },
        {
            "id": "100027666233195",
            "count": 0
        },
        {
            "id": "100071958302969",
            "count": 0
        }
    ],
    "day": [
        {
            "id": "100041105450808",
            "count": 324
        },
        {
            "id": "61550595215938",
            "count": 5
        },
        {
            "id": "100035421814099",
            "count": 164
        },
        {
            "id": "100010766448104",
            "count": 0
        },
        {
            "id": "100068096370437",
            "count": 69
        },
        {
            "id": "100072602452149",
            "count": 23
        },
        {
            "id": "100018088576695",
            "count": 0
        },
        {
            "id": "100066544365480",
            "count": 1
        },
        {
            "id": "100085073240621",
            "count": 1
        },
        {
            "id": "100041468498320",
            "count": 2
        },
        {
            "id": "100068009795358",
            "count": 25
        },
        {
            "id": "100041284150157",
            "count": 0
        },
        {
            "id": "100082329843728",
            "count": 1
        },
        {
            "id": "100078960698295",
            "count": 0
        },
        {
            "id": "100073280626414",
            "count": 301
        },
        {
            "id": "100089947783039",
            "count": 257
        },
        {
            "id": "100003005551763",
            "count": 169
        },
        {
            "id": "100037211391552",
            "count": 0
        },
        {
            "id": "100023857290364",
            "count": 7
        },
        {
            "id": "100030382712907",
            "count": 7
        },
        {
            "id": "100000493975005",
            "count": 12
        },
        {
            "id": "100082668132301",
            "count": 147
        },
        {
            "id": "100037741424837",
            "count": 0
        },
        {
            "id": "100078930363394",
            "count": 97
        },
        {
            "id": "509484270",
            "count": 15
        },
        {
            "id": "1551310958",
            "count": 1
        },
        {
            "id": "100009713618289",
            "count": 20
        },
        {
            "id": "100090095755829",
            "count": 12
        },
        {
            "id": "100094066556091",
            "count": 0
        },
        {
            "id": "502275138",
            "count": 7
        },
        {
            "id": "61558375753756",
            "count": 2
        },
        {
            "id": "100027666233195",
            "count": 0
        },
        {
            "id": "100071958302969",
            "count": 0
        }
    ],
    "time": 0,
    "last": {
        "time": 4,
        "day": [
            {
                "id": "100041105450808",
                "count": 0
            },
            {
                "id": "61550595215938",
                "count": 0
            },
            {
                "id": "100035421814099",
                "count": 0
            },
            {
                "id": "100010766448104",
                "count": 0
            },
            {
                "id": "100068096370437",
                "count": 0
            },
            {
                "id": "100072602452149",
                "count": 0
            },
            {
                "id": "100018088576695",
                "count": 0
            },
            {
                "id": "100066544365480",
                "count": 0
            },
            {
                "id": "100085073240621",
                "count": 0
            },
            {
                "id": "100041468498320",
                "count": 0
            },
            {
                "id": "100068009795358",
                "count": 0
            },
            {
                "id": "100041284150157",
                "count": 0
            },
            {
                "id": "100082329843728",
                "count": 0
            },
            {
                "id": "100078960698295",
                "count": 0
            },
            {
                "id": "100073280626414",
                "count": 0
            },
            {
                "id": "100089947783039",
                "count": 0
            },
            {
                "id": "100003005551763",
                "count": 0
            },
            {
                "id": "100073889114412",
                "count": 0
            },
            {
                "id": "100037211391552",
                "count": 0
            },
            {
                "id": "100023857290364",
                "count": 0
            },
            {
                "id": "100030382712907",
                "count": 0
            },
            {
                "id": "100000493975005",
                "count": 0
            },
            {
                "id": "100063600331393",
                "count": 0
            },
            {
                "id": "100082668132301",
                "count": 0
            },
            {
                "id": "100037741424837",
                "count": 0
            },
            {
                "id": "100078930363394",
                "count": 0
            },
            {
                "id": "509484270",
                "count": 0
            },
            {
                "id": "1551310958",
                "count": 0
            },
            {
                "id": "100009713618289",
                "count": 0
            },
            {
                "id": "100090095755829",
                "count": 0
            },
            {
                "id": "100094066556091",
                "count": 0
            },
            {
                "id": "502275138",
                "count": 0
            },
            {
                "id": "100080266101316",
                "count": 0
            },
            {
                "id": "61558375753756",
                "count": 0
            },
            {
                "id": "100060901279319",
                "count": 0
            },
            {
                "id": "100027666233195",
                "count": 0
            },
            {
                "id": "100071958302969",
                "count": 0
            }
        ],
        "week": [
            {
                "id": "100041105450808",
                "count": 0
            },
            {
                "id": "61550595215938",
                "count": 0
            },
            {
                "id": "100035421814099",
                "count": 0
            },
            {
                "id": "100010766448104",
                "count": 0
            },
            {
                "id": "100068096370437",
                "count": 0
            },
            {
                "id": "100072602452149",
                "count": 0
            },
            {
                "id": "100018088576695",
                "count": 0
            },
            {
                "id": "100066544365480",
                "count": 0
            },
            {
                "id": "100085073240621",
                "count": 0
            },
            {
                "id": "100041468498320",
                "count": 0
            },
            {
                "id": "100068009795358",
                "count": 0
            },
            {
                "id": "100041284150157",
                "count": 0
            },
            {
                "id": "100082329843728",
                "count": 0
            },
            {
                "id": "100078960698295",
                "count": 0
            },
            {
                "id": "100073280626414",
                "count": 0
            },
            {
                "id": "100089947783039",
                "count": 0
            },
            {
                "id": "100003005551763",
                "count": 0
            },
            {
                "id": "100073889114412",
                "count": 0
            },
            {
                "id": "100037211391552",
                "count": 0
            },
            {
                "id": "100023857290364",
                "count": 0
            },
            {
                "id": "100030382712907",
                "count": 0
            },
            {
                "id": "100000493975005",
                "count": 0
            },
            {
                "id": "100063600331393",
                "count": 0
            },
            {
                "id": "100082668132301",
                "count": 0
            },
            {
                "id": "100037741424837",
                "count": 0
            },
            {
                "id": "100078930363394",
                "count": 0
            },
            {
                "id": "509484270",
                "count": 0
            },
            {
                "id": "1551310958",
                "count": 0
            },
            {
                "id": "100009713618289",
                "count": 0
            },
            {
                "id": "100090095755829",
                "count": 0
            },
            {
                "id": "100094066556091",
                "count": 0
            },
            {
                "id": "502275138",
                "count": 0
            },
            {
                "id": "100080266101316",
                "count": 0
            },
            {
                "id": "61558375753756",
                "count": 0
            },
            {
                "id": "100060901279319",
                "count": 0
            },
            {
                "id": "100027666233195",
                "count": 0
            },
            {
                "id": "100071958302969",
                "count": 0
            }
        ]
    }
}