{
    "total": [
        {
            "id": "100092742547112",
            "count": 22
        },
        {
            "id": "100043044991011",
            "count": 40
        },
        {
            "id": "100076708612171",
            "count": 0
        },
        {
            "id": "100078078846751",
            "count": 0
        },
        {
            "id": "100078067479751",
            "count": 4
        },
        {
            "id": "100045089970621",
            "count": 0
        },
        {
            "id": "593577006",
            "count": 0
        },
        {
            "id": "100007336231586",
            "count": 0
        },
        {
            "id": "100003616298920",
            "count": 0
        },
        {
            "id": "100011678209128",
            "count": 0
        },
        {
            "id": "100001378940139",
            "count": 2
        },
        {
            "id": "100007117144532",
            "count": 4
        },
        {
            "id": "100051271041420",
            "count": 7
        },
        {
            "id": "100078930363394",
            "count": 16
        },
        {
            "id": "100001709441543",
            "count": 3
        },
        {
            "id": "61566154121119",
            "count": 0
        }
    ],
    "week": [
        {
            "id": "100092742547112",
            "count": 22
        },
        {
            "id": "100043044991011",
            "count": 40
        },
        {
            "id": "100076708612171",
            "count": 0
        },
        {
            "id": "100078078846751",
            "count": 0
        },
        {
            "id": "100078067479751",
            "count": 4
        },
        {
            "id": "100045089970621",
            "count": 0
        },
        {
            "id": "593577006",
            "count": 0
        },
        {
            "id": "100007336231586",
            "count": 0
        },
        {
            "id": "100003616298920",
            "count": 0
        },
        {
            "id": "100011678209128",
            "count": 0
        },
        {
            "id": "100001378940139",
            "count": 2
        },
        {
            "id": "100007117144532",
            "count": 4
        },
        {
            "id": "100051271041420",
            "count": 7
        },
        {
            "id": "100078930363394",
            "count": 16
        },
        {
            "id": "100001709441543",
            "count": 3
        },
        {
            "id": "61566154121119",
            "count": 0
        }
    ],
    "day": [
        {
            "id": "100092742547112",
            "count": 22
        },
        {
            "id": "100043044991011",
            "count": 40
        },
        {
            "id": "100076708612171",
            "count": 0
        },
        {
            "id": "100078078846751",
            "count": 0
        },
        {
            "id": "100078067479751",
            "count": 4
        },
        {
            "id": "100045089970621",
            "count": 0
        },
        {
            "id": "593577006",
            "count": 0
        },
        {
            "id": "100007336231586",
            "count": 0
        },
        {
            "id": "100003616298920",
            "count": 0
        },
        {
            "id": "100011678209128",
            "count": 0
        },
        {
            "id": "100001378940139",
            "count": 2
        },
        {
            "id": "100007117144532",
            "count": 4
        },
        {
            "id": "100051271041420",
            "count": 7
        },
        {
            "id": "100078930363394",
            "count": 16
        },
        {
            "id": "100001709441543",
            "count": 3
        },
        {
            "id": "61566154121119",
            "count": 0
        }
    ],
    "time": 0,
    "last": {
        "time": 1,
        "day": [
            {
                "id": "100092742547112",
                "count": 0
            },
            {
                "id": "100043044991011",
                "count": 0
            },
            {
                "id": "100076708612171",
                "count": 0
            },
            {
                "id": "100078078846751",
                "count": 0
            },
            {
                "id": "100078067479751",
                "count": 0
            },
            {
                "id": "100045089970621",
                "count": 0
            },
            {
                "id": "593577006",
                "count": 0
            },
            {
                "id": "100007336231586",
                "count": 0
            },
            {
                "id": "100003616298920",
                "count": 0
            },
            {
                "id": "100011678209128",
                "count": 0
            },
            {
                "id": "100001378940139",
                "count": 0
            },
            {
                "id": "100007117144532",
                "count": 0
            },
            {
                "id": "100051271041420",
                "count": 0
            },
            {
                "id": "100078930363394",
                "count": 0
            },
            {
                "id": "100001709441543",
                "count": 0
            },
            {
                "id": "61566154121119",
                "count": 0
            }
        ],
        "week": [
            {
                "id": "100092742547112",
                "count": 0
            },
            {
                "id": "100043044991011",
                "count": 0
            },
            {
                "id": "100076708612171",
                "count": 0
            },
            {
                "id": "100078078846751",
                "count": 0
            },
            {
                "id": "100078067479751",
                "count": 0
            },
            {
                "id": "100045089970621",
                "count": 0
            },
            {
                "id": "593577006",
                "count": 0
            },
            {
                "id": "100007336231586",
                "count": 0
            },
            {
                "id": "100003616298920",
                "count": 0
            },
            {
                "id": "100011678209128",
                "count": 0
            },
            {
                "id": "100001378940139",
                "count": 0
            },
            {
                "id": "100007117144532",
                "count": 0
            },
            {
                "id": "100051271041420",
                "count": 0
            },
            {
                "id": "100078930363394",
                "count": 0
            },
            {
                "id": "100001709441543",
                "count": 0
            },
            {
                "id": "61566154121119",
                "count": 0
            }
        ]
    }
}