{
    "total": [
        {
            "id": "752206983",
            "count": 0
        },
        {
            "id": "1824557330",
            "count": 0
        },
        {
            "id": "100000166365548",
            "count": 0
        },
        {
            "id": "100001180529002",
            "count": 1
        },
        {
            "id": "100007848254532",
            "count": 0
        },
        {
            "id": "100015708247902",
            "count": 0
        },
        {
            "id": "100020908143321",
            "count": 0
        },
        {
            "id": "100035731083424",
            "count": 0
        },
        {
            "id": "100037211391552",
            "count": 0
        },
        {
            "id": "100037741424837",
            "count": 0
        },
        {
            "id": "100040761302134",
            "count": 0
        },
        {
            "id": "100043044991011",
            "count": 0
        },
        {
            "id": "100061285663625",
            "count": 0
        },
        {
            "id": "100075885595966",
            "count": 2
        },
        {
            "id": "100084424387341",
            "count": 0
        },
        {
            "id": "100075355876941",
            "count": 0
        },
        {
            "id": "100028356152567",
            "count": 0
        },
        {
            "id": "557026100",
            "count": 0
        },
        {
            "id": "832704028",
            "count": 0
        },
        {
            "id": "100000182288864",
            "count": 0
        },
        {
            "id": "100003668250966",
            "count": 0
        },
        {
            "id": "100083205727767",
            "count": 0
        },
        {
            "id": "100085342716116",
            "count": 0
        },
        {
            "id": "1489675800",
            "count": 0
        },
        {
            "id": "100000493975005",
            "count": 0
        },
        {
            "id": "1551310958",
            "count": 0
        },
        {
            "id": "100014958216759",
            "count": 0
        },
        {
            "id": "100073889114412",
            "count": 0
        },
        {
            "id": "100089947783039",
            "count": 0
        },
        {
            "id": "509484270",
            "count": 0
        },
        {
            "id": "100046691234633",
            "count": 0
        },
        {
            "id": "100070815402204",
            "count": 0
        },
        {
            "id": "100044173838701",
            "count": 0
        },
        {
            "id": "61559104811243",
            "count": 0
        },
        {
            "id": "100085130240990",
            "count": 0
        },
        {
            "id": "100055824878280",
            "count": 61
        },
        {
            "id": "100047491308508",
            "count": 0
        },
        {
            "id": "61556943344348",
            "count": 0
        },
        {
            "id": "100059454822702",
            "count": 0
        },
        {
            "id": "100082668132301",
            "count": 1
        },
        {
            "id": "100077716125292",
            "count": 0
        },
        {
            "id": "535335875",
            "count": 35
        },
        {
            "id": "100061160525111",
            "count": 0
        },
        {
            "id": "593577006",
            "count": 0
        },
        {
            "id": "100086415765506",
            "count": 23
        },
        {
            "id": "61555928436887",
            "count": 0
        },
        {
            "id": "1228817010",
            "count": 0
        },
        {
            "id": "61560899859354",
            "count": 0
        },
        {
            "id": "100090202309588",
            "count": 0
        },
        {
            "id": "100035467933771",
            "count": 0
        },
        {
            "id": "100087652159146",
            "count": 0
        },
        {
            "id": "100073280626414",
            "count": 89
        },
        {
            "id": "100061883144653",
            "count": 0
        },
        {
            "id": "100035421814099",
            "count": 0
        },
        {
            "id": "100094726000539",
            "count": 0
        },
        {
            "id": "100078067479751",
            "count": 8
        },
        {
            "id": "61555708343072",
            "count": 0
        },
        {
            "id": "100051271041420",
            "count": 26
        },
        {
            "id": "61565129969950",
            "count": 0
        },
        {
            "id": "100012371343281",
            "count": 0
        },
        {
            "id": "100051314660620",
            "count": 0
        },
        {
            "id": "100090095755829",
            "count": 1
        }
    ],
    "week": [
        {
            "id": "752206983",
            "count": 0
        },
        {
            "id": "1824557330",
            "count": 0
        },
        {
            "id": "100000166365548",
            "count": 0
        },
        {
            "id": "100001180529002",
            "count": 1
        },
        {
            "id": "100007848254532",
            "count": 0
        },
        {
            "id": "100015708247902",
            "count": 0
        },
        {
            "id": "100020908143321",
            "count": 0
        },
        {
            "id": "100035731083424",
            "count": 0
        },
        {
            "id": "100037211391552",
            "count": 0
        },
        {
            "id": "100037741424837",
            "count": 0
        },
        {
            "id": "100040761302134",
            "count": 0
        },
        {
            "id": "100043044991011",
            "count": 0
        },
        {
            "id": "100061285663625",
            "count": 0
        },
        {
            "id": "100075885595966",
            "count": 2
        },
        {
            "id": "100084424387341",
            "count": 0
        },
        {
            "id": "100075355876941",
            "count": 0
        },
        {
            "id": "100028356152567",
            "count": 0
        },
        {
            "id": "557026100",
            "count": 0
        },
        {
            "id": "832704028",
            "count": 0
        },
        {
            "id": "100000182288864",
            "count": 0
        },
        {
            "id": "100003668250966",
            "count": 0
        },
        {
            "id": "100083205727767",
            "count": 0
        },
        {
            "id": "100085342716116",
            "count": 0
        },
        {
            "id": "1489675800",
            "count": 0
        },
        {
            "id": "100000493975005",
            "count": 0
        },
        {
            "id": "1551310958",
            "count": 0
        },
        {
            "id": "100014958216759",
            "count": 0
        },
        {
            "id": "100073889114412",
            "count": 0
        },
        {
            "id": "100089947783039",
            "count": 0
        },
        {
            "id": "509484270",
            "count": 0
        },
        {
            "id": "100046691234633",
            "count": 0
        },
        {
            "id": "100070815402204",
            "count": 0
        },
        {
            "id": "100044173838701",
            "count": 0
        },
        {
            "id": "61559104811243",
            "count": 0
        },
        {
            "id": "100085130240990",
            "count": 0
        },
        {
            "id": "100055824878280",
            "count": 61
        },
        {
            "id": "100047491308508",
            "count": 0
        },
        {
            "id": "61556943344348",
            "count": 0
        },
        {
            "id": "100059454822702",
            "count": 0
        },
        {
            "id": "100082668132301",
            "count": 1
        },
        {
            "id": "100077716125292",
            "count": 0
        },
        {
            "id": "535335875",
            "count": 35
        },
        {
            "id": "100061160525111",
            "count": 0
        },
        {
            "id": "593577006",
            "count": 0
        },
        {
            "id": "100086415765506",
            "count": 23
        },
        {
            "id": "61555928436887",
            "count": 0
        },
        {
            "id": "1228817010",
            "count": 0
        },
        {
            "id": "61560899859354",
            "count": 0
        },
        {
            "id": "100090202309588",
            "count": 0
        },
        {
            "id": "100035467933771",
            "count": 0
        },
        {
            "id": "100087652159146",
            "count": 0
        },
        {
            "id": "100073280626414",
            "count": 89
        },
        {
            "id": "100061883144653",
            "count": 0
        },
        {
            "id": "100035421814099",
            "count": 0
        },
        {
            "id": "100094726000539",
            "count": 0
        },
        {
            "id": "100078067479751",
            "count": 8
        },
        {
            "id": "61555708343072",
            "count": 0
        },
        {
            "id": "100051271041420",
            "count": 26
        },
        {
            "id": "61565129969950",
            "count": 0
        },
        {
            "id": "100012371343281",
            "count": 0
        },
        {
            "id": "100051314660620",
            "count": 0
        },
        {
            "id": "100090095755829",
            "count": 1
        }
    ],
    "day": [
        {
            "id": "752206983",
            "count": 0
        },
        {
            "id": "1824557330",
            "count": 0
        },
        {
            "id": "100000166365548",
            "count": 0
        },
        {
            "id": "100001180529002",
            "count": 1
        },
        {
            "id": "100007848254532",
            "count": 0
        },
        {
            "id": "100015708247902",
            "count": 0
        },
        {
            "id": "100020908143321",
            "count": 0
        },
        {
            "id": "100035731083424",
            "count": 0
        },
        {
            "id": "100037211391552",
            "count": 0
        },
        {
            "id": "100037741424837",
            "count": 0
        },
        {
            "id": "100040761302134",
            "count": 0
        },
        {
            "id": "100043044991011",
            "count": 0
        },
        {
            "id": "100061285663625",
            "count": 0
        },
        {
            "id": "100075885595966",
            "count": 2
        },
        {
            "id": "100084424387341",
            "count": 0
        },
        {
            "id": "100075355876941",
            "count": 0
        },
        {
            "id": "100028356152567",
            "count": 0
        },
        {
            "id": "557026100",
            "count": 0
        },
        {
            "id": "832704028",
            "count": 0
        },
        {
            "id": "100000182288864",
            "count": 0
        },
        {
            "id": "100003668250966",
            "count": 0
        },
        {
            "id": "100083205727767",
            "count": 0
        },
        {
            "id": "100085342716116",
            "count": 0
        },
        {
            "id": "1489675800",
            "count": 0
        },
        {
            "id": "100000493975005",
            "count": 0
        },
        {
            "id": "1551310958",
            "count": 0
        },
        {
            "id": "100014958216759",
            "count": 0
        },
        {
            "id": "100073889114412",
            "count": 0
        },
        {
            "id": "100089947783039",
            "count": 0
        },
        {
            "id": "509484270",
            "count": 0
        },
        {
            "id": "100046691234633",
            "count": 0
        },
        {
            "id": "100070815402204",
            "count": 0
        },
        {
            "id": "100044173838701",
            "count": 0
        },
        {
            "id": "61559104811243",
            "count": 0
        },
        {
            "id": "100085130240990",
            "count": 0
        },
        {
            "id": "100055824878280",
            "count": 61
        },
        {
            "id": "100047491308508",
            "count": 0
        },
        {
            "id": "61556943344348",
            "count": 0
        },
        {
            "id": "100059454822702",
            "count": 0
        },
        {
            "id": "100082668132301",
            "count": 1
        },
        {
            "id": "100077716125292",
            "count": 0
        },
        {
            "id": "535335875",
            "count": 35
        },
        {
            "id": "100061160525111",
            "count": 0
        },
        {
            "id": "593577006",
            "count": 0
        },
        {
            "id": "100086415765506",
            "count": 23
        },
        {
            "id": "61555928436887",
            "count": 0
        },
        {
            "id": "1228817010",
            "count": 0
        },
        {
            "id": "61560899859354",
            "count": 0
        },
        {
            "id": "100090202309588",
            "count": 0
        },
        {
            "id": "100035467933771",
            "count": 0
        },
        {
            "id": "100087652159146",
            "count": 0
        },
        {
            "id": "100073280626414",
            "count": 89
        },
        {
            "id": "100061883144653",
            "count": 0
        },
        {
            "id": "100035421814099",
            "count": 0
        },
        {
            "id": "100094726000539",
            "count": 0
        },
        {
            "id": "100078067479751",
            "count": 8
        },
        {
            "id": "61555708343072",
            "count": 0
        },
        {
            "id": "100051271041420",
            "count": 26
        },
        {
            "id": "61565129969950",
            "count": 0
        },
        {
            "id": "100012371343281",
            "count": 0
        },
        {
            "id": "100051314660620",
            "count": 0
        },
        {
            "id": "100090095755829",
            "count": 1
        }
    ],
    "time": 0,
    "last": {
        "time": 2,
        "day": [
            {
                "id": "752206983",
                "count": 0
            },
            {
                "id": "1824557330",
                "count": 0
            },
            {
                "id": "100000166365548",
                "count": 0
            },
            {
                "id": "100001180529002",
                "count": 0
            },
            {
                "id": "100007848254532",
                "count": 0
            },
            {
                "id": "100015708247902",
                "count": 0
            },
            {
                "id": "100020908143321",
                "count": 0
            },
            {
                "id": "100035731083424",
                "count": 0
            },
            {
                "id": "100037211391552",
                "count": 0
            },
            {
                "id": "100037741424837",
                "count": 0
            },
            {
                "id": "100040761302134",
                "count": 0
            },
            {
                "id": "100043044991011",
                "count": 0
            },
            {
                "id": "100061285663625",
                "count": 0
            },
            {
                "id": "100075885595966",
                "count": 0
            },
            {
                "id": "100084424387341",
                "count": 0
            },
            {
                "id": "100075355876941",
                "count": 0
            },
            {
                "id": "100028356152567",
                "count": 0
            },
            {
                "id": "557026100",
                "count": 0
            },
            {
                "id": "832704028",
                "count": 0
            },
            {
                "id": "100000182288864",
                "count": 0
            },
            {
                "id": "100003668250966",
                "count": 0
            },
            {
                "id": "100083205727767",
                "count": 0
            },
            {
                "id": "100085342716116",
                "count": 0
            },
            {
                "id": "1489675800",
                "count": 0
            },
            {
                "id": "100000493975005",
                "count": 0
            },
            {
                "id": "1551310958",
                "count": 0
            },
            {
                "id": "100014958216759",
                "count": 0
            },
            {
                "id": "100073889114412",
                "count": 0
            },
            {
                "id": "100089947783039",
                "count": 0
            },
            {
                "id": "509484270",
                "count": 0
            },
            {
                "id": "100046691234633",
                "count": 0
            },
            {
                "id": "100070815402204",
                "count": 0
            },
            {
                "id": "100044173838701",
                "count": 0
            },
            {
                "id": "100083455565770",
                "count": 0
            },
            {
                "id": "61559104811243",
                "count": 0
            },
            {
                "id": "100085130240990",
                "count": 0
            },
            {
                "id": "100055824878280",
                "count": 0
            },
            {
                "id": "100047491308508",
                "count": 0
            },
            {
                "id": "61556943344348",
                "count": 0
            },
            {
                "id": "100059454822702",
                "count": 0
            },
            {
                "id": "100082668132301",
                "count": 0
            },
            {
                "id": "100077716125292",
                "count": 0
            },
            {
                "id": "535335875",
                "count": 0
            },
            {
                "id": "100061160525111",
                "count": 0
            },
            {
                "id": "593577006",
                "count": 0
            },
            {
                "id": "100086415765506",
                "count": 0
            },
            {
                "id": "61555928436887",
                "count": 0
            },
            {
                "id": "1228817010",
                "count": 0
            },
            {
                "id": "61560899859354",
                "count": 0
            },
            {
                "id": "100090202309588",
                "count": 0
            },
            {
                "id": "100035467933771",
                "count": 0
            },
            {
                "id": "100087652159146",
                "count": 0
            },
            {
                "id": "100073280626414",
                "count": 0
            },
            {
                "id": "100061883144653",
                "count": 0
            },
            {
                "id": "100035421814099",
                "count": 0
            },
            {
                "id": "100094726000539",
                "count": 0
            },
            {
                "id": "100078067479751",
                "count": 0
            },
            {
                "id": "61555708343072",
                "count": 0
            },
            {
                "id": "100051271041420",
                "count": 0
            },
            {
                "id": "61565129969950",
                "count": 0
            },
            {
                "id": "100012371343281",
                "count": 0
            },
            {
                "id": "100051314660620",
                "count": 0
            },
            {
                "id": "100090095755829",
                "count": 0
            }
        ],
        "week": [
            {
                "id": "752206983",
                "count": 0
            },
            {
                "id": "1824557330",
                "count": 0
            },
            {
                "id": "100000166365548",
                "count": 0
            },
            {
                "id": "100001180529002",
                "count": 0
            },
            {
                "id": "100007848254532",
                "count": 0
            },
            {
                "id": "100015708247902",
                "count": 0
            },
            {
                "id": "100020908143321",
                "count": 0
            },
            {
                "id": "100035731083424",
                "count": 0
            },
            {
                "id": "100037211391552",
                "count": 0
            },
            {
                "id": "100037741424837",
                "count": 0
            },
            {
                "id": "100040761302134",
                "count": 0
            },
            {
                "id": "100043044991011",
                "count": 0
            },
            {
                "id": "100061285663625",
                "count": 0
            },
            {
                "id": "100075885595966",
                "count": 0
            },
            {
                "id": "100084424387341",
                "count": 0
            },
            {
                "id": "100075355876941",
                "count": 0
            },
            {
                "id": "100028356152567",
                "count": 0
            },
            {
                "id": "557026100",
                "count": 0
            },
            {
                "id": "832704028",
                "count": 0
            },
            {
                "id": "100000182288864",
                "count": 0
            },
            {
                "id": "100003668250966",
                "count": 0
            },
            {
                "id": "100083205727767",
                "count": 0
            },
            {
                "id": "100085342716116",
                "count": 0
            },
            {
                "id": "1489675800",
                "count": 0
            },
            {
                "id": "100000493975005",
                "count": 0
            },
            {
                "id": "1551310958",
                "count": 0
            },
            {
                "id": "100014958216759",
                "count": 0
            },
            {
                "id": "100073889114412",
                "count": 0
            },
            {
                "id": "100089947783039",
                "count": 0
            },
            {
                "id": "509484270",
                "count": 0
            },
            {
                "id": "100046691234633",
                "count": 0
            },
            {
                "id": "100070815402204",
                "count": 0
            },
            {
                "id": "100044173838701",
                "count": 0
            },
            {
                "id": "100083455565770",
                "count": 0
            },
            {
                "id": "61559104811243",
                "count": 0
            },
            {
                "id": "100085130240990",
                "count": 0
            },
            {
                "id": "100055824878280",
                "count": 0
            },
            {
                "id": "100047491308508",
                "count": 0
            },
            {
                "id": "61556943344348",
                "count": 0
            },
            {
                "id": "100059454822702",
                "count": 0
            },
            {
                "id": "100082668132301",
                "count": 0
            },
            {
                "id": "100077716125292",
                "count": 0
            },
            {
                "id": "535335875",
                "count": 0
            },
            {
                "id": "100061160525111",
                "count": 0
            },
            {
                "id": "593577006",
                "count": 0
            },
            {
                "id": "100086415765506",
                "count": 0
            },
            {
                "id": "61555928436887",
                "count": 0
            },
            {
                "id": "1228817010",
                "count": 0
            },
            {
                "id": "61560899859354",
                "count": 0
            },
            {
                "id": "100090202309588",
                "count": 0
            },
            {
                "id": "100035467933771",
                "count": 0
            },
            {
                "id": "100087652159146",
                "count": 0
            },
            {
                "id": "100073280626414",
                "count": 0
            },
            {
                "id": "100061883144653",
                "count": 0
            },
            {
                "id": "100035421814099",
                "count": 0
            },
            {
                "id": "100094726000539",
                "count": 0
            },
            {
                "id": "100078067479751",
                "count": 0
            },
            {
                "id": "61555708343072",
                "count": 0
            },
            {
                "id": "100051271041420",
                "count": 0
            },
            {
                "id": "61565129969950",
                "count": 0
            },
            {
                "id": "100012371343281",
                "count": 0
            },
            {
                "id": "100051314660620",
                "count": 0
            },
            {
                "id": "100090095755829",
                "count": 0
            }
        ]
    }
}