{
    "total": [
        {
            "id": "509484270",
            "count": 0
        },
        {
            "id": "100082341605370",
            "count": 0
        },
        {
            "id": "100078930363394",
            "count": 1
        }
    ],
    "week": [
        {
            "id": "509484270",
            "count": 0
        },
        {
            "id": "100082341605370",
            "count": 0
        },
        {
            "id": "100078930363394",
            "count": 1
        }
    ],
    "day": [
        {
            "id": "509484270",
            "count": 0
        },
        {
            "id": "100082341605370",
            "count": 0
        },
        {
            "id": "100078930363394",
            "count": 1
        }
    ],
    "time": 0,
    "last": {
        "time": 0,
        "day": [
            {
                "id": "509484270",
                "count": 0
            },
            {
                "id": "100082341605370",
                "count": 0
            },
            {
                "id": "100078930363394",
                "count": 0
            }
        ],
        "week": [
            {
                "id": "509484270",
                "count": 0
            },
            {
                "id": "100082341605370",
                "count": 0
            },
            {
                "id": "100078930363394",
                "count": 0
            }
        ]
    }
}