{
    "Time": "18:13:23 || 2025-01-09",
    "total": [
        {
            "id": "100047001444127",
            "count": 0,
            "ttgn": "18:13:23 || thứ năm",
            "joinTime": "18:13:23 || 2025-01-09"
        },
        {
            "id": "100043874733835",
            "count": 0,
            "ttgn": "18:13:23 || thứ năm",
            "joinTime": "18:13:23 || 2025-01-09"
        },
        {
            "id": "100022295946150",
            "count": 0,
            "ttgn": "18:13:23 || thứ năm",
            "joinTime": "18:13:23 || 2025-01-09"
        },
        {
            "id": "100074072957841",
            "count": 0,
            "ttgn": "18:13:23 || thứ năm",
            "joinTime": "18:13:23 || 2025-01-09"
        },
        {
            "id": "100071608735090",
            "count": 0,
            "ttgn": "18:13:23 || thứ năm",
            "joinTime": "18:13:23 || 2025-01-09"
        },
        {
            "id": "100069921163095",
            "count": 0,
            "ttgn": "18:13:23 || thứ năm",
            "joinTime": "18:13:23 || 2025-01-09"
        },
        {
            "id": "100037607927009",
            "count": 0,
            "ttgn": "18:13:23 || thứ năm",
            "joinTime": "18:13:23 || 2025-01-09"
        },
        {
            "id": "100054350656330",
            "count": 0,
            "ttgn": "18:13:23 || thứ năm",
            "joinTime": "18:13:23 || 2025-01-09"
        },
        {
            "id": "100063643262871",
            "count": 0,
            "ttgn": "18:13:23 || thứ năm",
            "joinTime": "18:13:23 || 2025-01-09"
        },
        {
            "id": "100003976742868",
            "count": 0,
            "ttgn": "18:13:23 || thứ năm",
            "joinTime": "18:13:23 || 2025-01-09"
        },
        {
            "id": "100016787711524",
            "count": 0,
            "ttgn": "18:13:23 || thứ năm",
            "joinTime": "18:13:23 || 2025-01-09"
        },
        {
            "id": "100085006762136",
            "count": 0,
            "ttgn": "18:13:23 || thứ năm",
            "joinTime": "18:13:23 || 2025-01-09"
        },
        {
            "id": "100028607487276",
            "count": 0,
            "ttgn": "18:13:23 || thứ năm",
            "joinTime": "18:13:23 || 2025-01-09"
        },
        {
            "id": "61555380535054",
            "count": 0,
            "ttgn": "18:13:23 || thứ năm",
            "joinTime": "18:13:23 || 2025-01-09"
        },
        {
            "id": "100034738411961",
            "count": 0,
            "ttgn": "18:13:23 || thứ năm",
            "joinTime": "18:13:23 || 2025-01-09"
        },
        {
            "id": "100009569717214",
            "count": 0,
            "ttgn": "18:13:23 || thứ năm",
            "joinTime": "18:13:23 || 2025-01-09"
        },
        {
            "id": "100047983670586",
            "count": 0,
            "ttgn": "18:13:23 || thứ năm",
            "joinTime": "18:13:23 || 2025-01-09"
        },
        {
            "id": "61550995205114",
            "count": 0,
            "ttgn": "18:13:23 || thứ năm",
            "joinTime": "18:13:23 || 2025-01-09"
        },
        {
            "id": "100021953972571",
            "count": 0,
            "ttgn": "18:13:23 || thứ năm",
            "joinTime": "18:13:23 || 2025-01-09"
        },
        {
            "id": "100041133010048",
            "count": 0,
            "ttgn": "18:13:23 || thứ năm",
            "joinTime": "18:13:23 || 2025-01-09"
        },
        {
            "id": "100067508386723",
            "count": 0,
            "ttgn": "18:13:23 || thứ năm",
            "joinTime": "18:13:23 || 2025-01-09"
        },
        {
            "id": "100038498223256",
            "count": 0,
            "ttgn": "18:13:23 || thứ năm",
            "joinTime": "18:13:23 || 2025-01-09"
        },
        {
            "id": "100070754371140",
            "count": 0,
            "ttgn": "18:13:23 || thứ năm",
            "joinTime": "18:13:23 || 2025-01-09"
        },
        {
            "id": "100065651636649",
            "count": 0,
            "ttgn": "18:13:23 || thứ năm",
            "joinTime": "18:13:23 || 2025-01-09"
        },
        {
            "id": "100004800575471",
            "count": 0,
            "ttgn": "18:13:23 || thứ năm",
            "joinTime": "18:13:23 || 2025-01-09"
        },
        {
            "id": "100049559360135",
            "count": 0,
            "ttgn": "18:13:23 || thứ năm",
            "joinTime": "18:13:23 || 2025-01-09"
        },
        {
            "id": "100007335224527",
            "count": 0,
            "ttgn": "18:13:23 || thứ năm",
            "joinTime": "18:13:23 || 2025-01-09"
        },
        {
            "id": "100039898368674",
            "count": 0,
            "ttgn": "18:13:23 || thứ năm",
            "joinTime": "18:13:23 || 2025-01-09"
        },
        {
            "id": "100044997335314",
            "count": 0,
            "ttgn": "18:13:23 || thứ năm",
            "joinTime": "18:13:23 || 2025-01-09"
        },
        {
            "id": "100054974586899",
            "count": 0,
            "ttgn": "18:13:23 || thứ năm",
            "joinTime": "18:13:23 || 2025-01-09"
        },
        {
            "id": "100040371140910",
            "count": 0,
            "ttgn": "18:13:23 || thứ năm",
            "joinTime": "18:13:23 || 2025-01-09"
        },
        {
            "id": "100013381638463",
            "count": 0,
            "ttgn": "18:13:23 || thứ năm",
            "joinTime": "18:13:23 || 2025-01-09"
        },
        {
            "id": "100059356479532",
            "count": 1,
            "ttgn": "18:13:31 || thứ năm",
            "joinTime": "18:13:23 || 2025-01-09"
        },
        {
            "id": "100065991646072",
            "count": 0,
            "ttgn": "18:13:23 || thứ năm",
            "joinTime": "18:13:23 || 2025-01-09"
        },
        {
            "id": "100079138625479",
            "count": 0,
            "ttgn": "18:13:23 || thứ năm",
            "joinTime": "18:13:23 || 2025-01-09"
        },
        {
            "id": "100049898544252",
            "count": 0,
            "ttgn": "18:13:23 || thứ năm",
            "joinTime": "18:13:23 || 2025-01-09"
        },
        {
            "id": "100049510090773",
            "count": 0,
            "ttgn": "18:13:23 || thứ năm",
            "joinTime": "18:13:23 || 2025-01-09"
        },
        {
            "id": "100040015835812",
            "count": 0,
            "ttgn": "18:13:23 || thứ năm",
            "joinTime": "18:13:23 || 2025-01-09"
        },
        {
            "id": "100012368857570",
            "count": 0,
            "ttgn": "18:13:23 || thứ năm",
            "joinTime": "18:13:23 || 2025-01-09"
        },
        {
            "id": "61557365536633",
            "count": 0,
            "ttgn": "18:13:23 || thứ năm",
            "joinTime": "18:13:23 || 2025-01-09"
        },
        {
            "id": "100007218612647",
            "count": 0,
            "ttgn": "18:13:23 || thứ năm",
            "joinTime": "18:13:23 || 2025-01-09"
        },
        {
            "id": "100046951716860",
            "count": 0,
            "ttgn": "18:13:23 || thứ năm",
            "joinTime": "18:13:23 || 2025-01-09"
        },
        {
            "id": "100022530471128",
            "count": 0,
            "ttgn": "18:13:23 || thứ năm",
            "joinTime": "18:13:23 || 2025-01-09"
        },
        {
            "id": "100035507287319",
            "count": 0,
            "ttgn": "18:13:23 || thứ năm",
            "joinTime": "18:13:23 || 2025-01-09"
        },
        {
            "id": "100041084152171",
            "count": 0,
            "ttgn": "18:13:23 || thứ năm",
            "joinTime": "18:13:23 || 2025-01-09"
        },
        {
            "id": "100048162285278",
            "count": 0,
            "ttgn": "18:13:23 || thứ năm",
            "joinTime": "18:13:23 || 2025-01-09"
        },
        {
            "id": "100057000183491",
            "count": 0,
            "ttgn": "18:13:23 || thứ năm",
            "joinTime": "18:13:23 || 2025-01-09"
        },
        {
            "id": "1074491699",
            "count": 0,
            "ttgn": "18:13:23 || thứ năm",
            "joinTime": "18:13:23 || 2025-01-09"
        },
        {
            "id": "100053271651959",
            "count": 0,
            "ttgn": "18:13:23 || thứ năm",
            "joinTime": "18:13:23 || 2025-01-09"
        },
        {
            "id": "100070105962705",
            "count": 0,
            "ttgn": "18:13:23 || thứ năm",
            "joinTime": "18:13:23 || 2025-01-09"
        },
        {
            "id": "100063701802914",
            "count": 0,
            "ttgn": "18:13:23 || thứ năm",
            "joinTime": "18:13:23 || 2025-01-09"
        },
        {
            "id": "100021440596522",
            "count": 0,
            "ttgn": "18:13:23 || thứ năm",
            "joinTime": "18:13:23 || 2025-01-09"
        },
        {
            "id": "100079276722653",
            "count": 0,
            "ttgn": "18:13:23 || thứ năm",
            "joinTime": "18:13:23 || 2025-01-09"
        },
        {
            "id": "100046610328037",
            "count": 0,
            "ttgn": "18:13:23 || thứ năm",
            "joinTime": "18:13:23 || 2025-01-09"
        },
        {
            "id": "100049113728435",
            "count": 3,
            "ttgn": "18:13:23 || thứ năm",
            "joinTime": "18:13:23 || 2025-01-09"
        },
        {
            "id": "100093102425928",
            "count": 0,
            "ttgn": "18:13:23 || thứ năm",
            "joinTime": "18:13:23 || 2025-01-09"
        }
    ],
    "week": [
        {
            "id": "100047001444127",
            "count": 0,
            "ttgn": "18:13:23 || thứ năm",
            "joinTime": "18:13:23 || 2025-01-09"
        },
        {
            "id": "100043874733835",
            "count": 0,
            "ttgn": "18:13:23 || thứ năm",
            "joinTime": "18:13:23 || 2025-01-09"
        },
        {
            "id": "100022295946150",
            "count": 0,
            "ttgn": "18:13:23 || thứ năm",
            "joinTime": "18:13:23 || 2025-01-09"
        },
        {
            "id": "100074072957841",
            "count": 0,
            "ttgn": "18:13:23 || thứ năm",
            "joinTime": "18:13:23 || 2025-01-09"
        },
        {
            "id": "100071608735090",
            "count": 0,
            "ttgn": "18:13:23 || thứ năm",
            "joinTime": "18:13:23 || 2025-01-09"
        },
        {
            "id": "100069921163095",
            "count": 0,
            "ttgn": "18:13:23 || thứ năm",
            "joinTime": "18:13:23 || 2025-01-09"
        },
        {
            "id": "100037607927009",
            "count": 0,
            "ttgn": "18:13:23 || thứ năm",
            "joinTime": "18:13:23 || 2025-01-09"
        },
        {
            "id": "100054350656330",
            "count": 0,
            "ttgn": "18:13:23 || thứ năm",
            "joinTime": "18:13:23 || 2025-01-09"
        },
        {
            "id": "100063643262871",
            "count": 0,
            "ttgn": "18:13:23 || thứ năm",
            "joinTime": "18:13:23 || 2025-01-09"
        },
        {
            "id": "100003976742868",
            "count": 0,
            "ttgn": "18:13:23 || thứ năm",
            "joinTime": "18:13:23 || 2025-01-09"
        },
        {
            "id": "100016787711524",
            "count": 0,
            "ttgn": "18:13:23 || thứ năm",
            "joinTime": "18:13:23 || 2025-01-09"
        },
        {
            "id": "100085006762136",
            "count": 0,
            "ttgn": "18:13:23 || thứ năm",
            "joinTime": "18:13:23 || 2025-01-09"
        },
        {
            "id": "100028607487276",
            "count": 0,
            "ttgn": "18:13:23 || thứ năm",
            "joinTime": "18:13:23 || 2025-01-09"
        },
        {
            "id": "61555380535054",
            "count": 0,
            "ttgn": "18:13:23 || thứ năm",
            "joinTime": "18:13:23 || 2025-01-09"
        },
        {
            "id": "100034738411961",
            "count": 0,
            "ttgn": "18:13:23 || thứ năm",
            "joinTime": "18:13:23 || 2025-01-09"
        },
        {
            "id": "100009569717214",
            "count": 0,
            "ttgn": "18:13:23 || thứ năm",
            "joinTime": "18:13:23 || 2025-01-09"
        },
        {
            "id": "100047983670586",
            "count": 0,
            "ttgn": "18:13:23 || thứ năm",
            "joinTime": "18:13:23 || 2025-01-09"
        },
        {
            "id": "61550995205114",
            "count": 0,
            "ttgn": "18:13:23 || thứ năm",
            "joinTime": "18:13:23 || 2025-01-09"
        },
        {
            "id": "100021953972571",
            "count": 0,
            "ttgn": "18:13:23 || thứ năm",
            "joinTime": "18:13:23 || 2025-01-09"
        },
        {
            "id": "100041133010048",
            "count": 0,
            "ttgn": "18:13:23 || thứ năm",
            "joinTime": "18:13:23 || 2025-01-09"
        },
        {
            "id": "100067508386723",
            "count": 0,
            "ttgn": "18:13:23 || thứ năm",
            "joinTime": "18:13:23 || 2025-01-09"
        },
        {
            "id": "100038498223256",
            "count": 0,
            "ttgn": "18:13:23 || thứ năm",
            "joinTime": "18:13:23 || 2025-01-09"
        },
        {
            "id": "100070754371140",
            "count": 0,
            "ttgn": "18:13:23 || thứ năm",
            "joinTime": "18:13:23 || 2025-01-09"
        },
        {
            "id": "100065651636649",
            "count": 0,
            "ttgn": "18:13:23 || thứ năm",
            "joinTime": "18:13:23 || 2025-01-09"
        },
        {
            "id": "100004800575471",
            "count": 0,
            "ttgn": "18:13:23 || thứ năm",
            "joinTime": "18:13:23 || 2025-01-09"
        },
        {
            "id": "100049559360135",
            "count": 0,
            "ttgn": "18:13:23 || thứ năm",
            "joinTime": "18:13:23 || 2025-01-09"
        },
        {
            "id": "100007335224527",
            "count": 0,
            "ttgn": "18:13:23 || thứ năm",
            "joinTime": "18:13:23 || 2025-01-09"
        },
        {
            "id": "100039898368674",
            "count": 0,
            "ttgn": "18:13:23 || thứ năm",
            "joinTime": "18:13:23 || 2025-01-09"
        },
        {
            "id": "100044997335314",
            "count": 0,
            "ttgn": "18:13:23 || thứ năm",
            "joinTime": "18:13:23 || 2025-01-09"
        },
        {
            "id": "100054974586899",
            "count": 0,
            "ttgn": "18:13:23 || thứ năm",
            "joinTime": "18:13:23 || 2025-01-09"
        },
        {
            "id": "100040371140910",
            "count": 0,
            "ttgn": "18:13:23 || thứ năm",
            "joinTime": "18:13:23 || 2025-01-09"
        },
        {
            "id": "100013381638463",
            "count": 0,
            "ttgn": "18:13:23 || thứ năm",
            "joinTime": "18:13:23 || 2025-01-09"
        },
        {
            "id": "100059356479532",
            "count": 1,
            "ttgn": "18:13:31 || thứ năm",
            "joinTime": "18:13:23 || 2025-01-09"
        },
        {
            "id": "100065991646072",
            "count": 0,
            "ttgn": "18:13:23 || thứ năm",
            "joinTime": "18:13:23 || 2025-01-09"
        },
        {
            "id": "100079138625479",
            "count": 0,
            "ttgn": "18:13:23 || thứ năm",
            "joinTime": "18:13:23 || 2025-01-09"
        },
        {
            "id": "100049898544252",
            "count": 0,
            "ttgn": "18:13:23 || thứ năm",
            "joinTime": "18:13:23 || 2025-01-09"
        },
        {
            "id": "100049510090773",
            "count": 0,
            "ttgn": "18:13:23 || thứ năm",
            "joinTime": "18:13:23 || 2025-01-09"
        },
        {
            "id": "100040015835812",
            "count": 0,
            "ttgn": "18:13:23 || thứ năm",
            "joinTime": "18:13:23 || 2025-01-09"
        },
        {
            "id": "100012368857570",
            "count": 0,
            "ttgn": "18:13:23 || thứ năm",
            "joinTime": "18:13:23 || 2025-01-09"
        },
        {
            "id": "61557365536633",
            "count": 0,
            "ttgn": "18:13:23 || thứ năm",
            "joinTime": "18:13:23 || 2025-01-09"
        },
        {
            "id": "100007218612647",
            "count": 0,
            "ttgn": "18:13:23 || thứ năm",
            "joinTime": "18:13:23 || 2025-01-09"
        },
        {
            "id": "100046951716860",
            "count": 0,
            "ttgn": "18:13:23 || thứ năm",
            "joinTime": "18:13:23 || 2025-01-09"
        },
        {
            "id": "100022530471128",
            "count": 0,
            "ttgn": "18:13:23 || thứ năm",
            "joinTime": "18:13:23 || 2025-01-09"
        },
        {
            "id": "100035507287319",
            "count": 0,
            "ttgn": "18:13:23 || thứ năm",
            "joinTime": "18:13:23 || 2025-01-09"
        },
        {
            "id": "100041084152171",
            "count": 0,
            "ttgn": "18:13:23 || thứ năm",
            "joinTime": "18:13:23 || 2025-01-09"
        },
        {
            "id": "100048162285278",
            "count": 0,
            "ttgn": "18:13:23 || thứ năm",
            "joinTime": "18:13:23 || 2025-01-09"
        },
        {
            "id": "100057000183491",
            "count": 0,
            "ttgn": "18:13:23 || thứ năm",
            "joinTime": "18:13:23 || 2025-01-09"
        },
        {
            "id": "1074491699",
            "count": 0,
            "ttgn": "18:13:23 || thứ năm",
            "joinTime": "18:13:23 || 2025-01-09"
        },
        {
            "id": "100053271651959",
            "count": 0,
            "ttgn": "18:13:23 || thứ năm",
            "joinTime": "18:13:23 || 2025-01-09"
        },
        {
            "id": "100070105962705",
            "count": 0,
            "ttgn": "18:13:23 || thứ năm",
            "joinTime": "18:13:23 || 2025-01-09"
        },
        {
            "id": "100063701802914",
            "count": 0,
            "ttgn": "18:13:23 || thứ năm",
            "joinTime": "18:13:23 || 2025-01-09"
        },
        {
            "id": "100021440596522",
            "count": 0,
            "ttgn": "18:13:23 || thứ năm",
            "joinTime": "18:13:23 || 2025-01-09"
        },
        {
            "id": "100079276722653",
            "count": 0,
            "ttgn": "18:13:23 || thứ năm",
            "joinTime": "18:13:23 || 2025-01-09"
        },
        {
            "id": "100046610328037",
            "count": 0,
            "ttgn": "18:13:23 || thứ năm",
            "joinTime": "18:13:23 || 2025-01-09"
        },
        {
            "id": "100049113728435",
            "count": 3,
            "ttgn": "18:13:23 || thứ năm",
            "joinTime": "18:13:23 || 2025-01-09"
        },
        {
            "id": "100093102425928",
            "count": 0,
            "ttgn": "18:13:23 || thứ năm",
            "joinTime": "18:13:23 || 2025-01-09"
        }
    ],
    "day": [
        {
            "id": "100047001444127",
            "count": 0,
            "ttgn": "18:13:23 || thứ năm",
            "joinTime": "18:13:23 || 2025-01-09"
        },
        {
            "id": "100043874733835",
            "count": 0,
            "ttgn": "18:13:23 || thứ năm",
            "joinTime": "18:13:23 || 2025-01-09"
        },
        {
            "id": "100022295946150",
            "count": 0,
            "ttgn": "18:13:23 || thứ năm",
            "joinTime": "18:13:23 || 2025-01-09"
        },
        {
            "id": "100074072957841",
            "count": 0,
            "ttgn": "18:13:23 || thứ năm",
            "joinTime": "18:13:23 || 2025-01-09"
        },
        {
            "id": "100071608735090",
            "count": 0,
            "ttgn": "18:13:23 || thứ năm",
            "joinTime": "18:13:23 || 2025-01-09"
        },
        {
            "id": "100069921163095",
            "count": 0,
            "ttgn": "18:13:23 || thứ năm",
            "joinTime": "18:13:23 || 2025-01-09"
        },
        {
            "id": "100037607927009",
            "count": 0,
            "ttgn": "18:13:23 || thứ năm",
            "joinTime": "18:13:23 || 2025-01-09"
        },
        {
            "id": "100054350656330",
            "count": 0,
            "ttgn": "18:13:23 || thứ năm",
            "joinTime": "18:13:23 || 2025-01-09"
        },
        {
            "id": "100063643262871",
            "count": 0,
            "ttgn": "18:13:23 || thứ năm",
            "joinTime": "18:13:23 || 2025-01-09"
        },
        {
            "id": "100003976742868",
            "count": 0,
            "ttgn": "18:13:23 || thứ năm",
            "joinTime": "18:13:23 || 2025-01-09"
        },
        {
            "id": "100016787711524",
            "count": 0,
            "ttgn": "18:13:23 || thứ năm",
            "joinTime": "18:13:23 || 2025-01-09"
        },
        {
            "id": "100085006762136",
            "count": 0,
            "ttgn": "18:13:23 || thứ năm",
            "joinTime": "18:13:23 || 2025-01-09"
        },
        {
            "id": "100028607487276",
            "count": 0,
            "ttgn": "18:13:23 || thứ năm",
            "joinTime": "18:13:23 || 2025-01-09"
        },
        {
            "id": "61555380535054",
            "count": 0,
            "ttgn": "18:13:23 || thứ năm",
            "joinTime": "18:13:23 || 2025-01-09"
        },
        {
            "id": "100034738411961",
            "count": 0,
            "ttgn": "18:13:23 || thứ năm",
            "joinTime": "18:13:23 || 2025-01-09"
        },
        {
            "id": "100009569717214",
            "count": 0,
            "ttgn": "18:13:23 || thứ năm",
            "joinTime": "18:13:23 || 2025-01-09"
        },
        {
            "id": "100047983670586",
            "count": 0,
            "ttgn": "18:13:23 || thứ năm",
            "joinTime": "18:13:23 || 2025-01-09"
        },
        {
            "id": "61550995205114",
            "count": 0,
            "ttgn": "18:13:23 || thứ năm",
            "joinTime": "18:13:23 || 2025-01-09"
        },
        {
            "id": "100021953972571",
            "count": 0,
            "ttgn": "18:13:23 || thứ năm",
            "joinTime": "18:13:23 || 2025-01-09"
        },
        {
            "id": "100041133010048",
            "count": 0,
            "ttgn": "18:13:23 || thứ năm",
            "joinTime": "18:13:23 || 2025-01-09"
        },
        {
            "id": "100067508386723",
            "count": 0,
            "ttgn": "18:13:23 || thứ năm",
            "joinTime": "18:13:23 || 2025-01-09"
        },
        {
            "id": "100038498223256",
            "count": 0,
            "ttgn": "18:13:23 || thứ năm",
            "joinTime": "18:13:23 || 2025-01-09"
        },
        {
            "id": "100070754371140",
            "count": 0,
            "ttgn": "18:13:23 || thứ năm",
            "joinTime": "18:13:23 || 2025-01-09"
        },
        {
            "id": "100065651636649",
            "count": 0,
            "ttgn": "18:13:23 || thứ năm",
            "joinTime": "18:13:23 || 2025-01-09"
        },
        {
            "id": "100004800575471",
            "count": 0,
            "ttgn": "18:13:23 || thứ năm",
            "joinTime": "18:13:23 || 2025-01-09"
        },
        {
            "id": "100049559360135",
            "count": 0,
            "ttgn": "18:13:23 || thứ năm",
            "joinTime": "18:13:23 || 2025-01-09"
        },
        {
            "id": "100007335224527",
            "count": 0,
            "ttgn": "18:13:23 || thứ năm",
            "joinTime": "18:13:23 || 2025-01-09"
        },
        {
            "id": "100039898368674",
            "count": 0,
            "ttgn": "18:13:23 || thứ năm",
            "joinTime": "18:13:23 || 2025-01-09"
        },
        {
            "id": "100044997335314",
            "count": 0,
            "ttgn": "18:13:23 || thứ năm",
            "joinTime": "18:13:23 || 2025-01-09"
        },
        {
            "id": "100054974586899",
            "count": 0,
            "ttgn": "18:13:23 || thứ năm",
            "joinTime": "18:13:23 || 2025-01-09"
        },
        {
            "id": "100040371140910",
            "count": 0,
            "ttgn": "18:13:23 || thứ năm",
            "joinTime": "18:13:23 || 2025-01-09"
        },
        {
            "id": "100013381638463",
            "count": 0,
            "ttgn": "18:13:23 || thứ năm",
            "joinTime": "18:13:23 || 2025-01-09"
        },
        {
            "id": "100059356479532",
            "count": 1,
            "ttgn": "18:13:31 || thứ năm",
            "joinTime": "18:13:23 || 2025-01-09"
        },
        {
            "id": "100065991646072",
            "count": 0,
            "ttgn": "18:13:23 || thứ năm",
            "joinTime": "18:13:23 || 2025-01-09"
        },
        {
            "id": "100079138625479",
            "count": 0,
            "ttgn": "18:13:23 || thứ năm",
            "joinTime": "18:13:23 || 2025-01-09"
        },
        {
            "id": "100049898544252",
            "count": 0,
            "ttgn": "18:13:23 || thứ năm",
            "joinTime": "18:13:23 || 2025-01-09"
        },
        {
            "id": "100049510090773",
            "count": 0,
            "ttgn": "18:13:23 || thứ năm",
            "joinTime": "18:13:23 || 2025-01-09"
        },
        {
            "id": "100040015835812",
            "count": 0,
            "ttgn": "18:13:23 || thứ năm",
            "joinTime": "18:13:23 || 2025-01-09"
        },
        {
            "id": "100012368857570",
            "count": 0,
            "ttgn": "18:13:23 || thứ năm",
            "joinTime": "18:13:23 || 2025-01-09"
        },
        {
            "id": "61557365536633",
            "count": 0,
            "ttgn": "18:13:23 || thứ năm",
            "joinTime": "18:13:23 || 2025-01-09"
        },
        {
            "id": "100007218612647",
            "count": 0,
            "ttgn": "18:13:23 || thứ năm",
            "joinTime": "18:13:23 || 2025-01-09"
        },
        {
            "id": "100046951716860",
            "count": 0,
            "ttgn": "18:13:23 || thứ năm",
            "joinTime": "18:13:23 || 2025-01-09"
        },
        {
            "id": "100022530471128",
            "count": 0,
            "ttgn": "18:13:23 || thứ năm",
            "joinTime": "18:13:23 || 2025-01-09"
        },
        {
            "id": "100035507287319",
            "count": 0,
            "ttgn": "18:13:23 || thứ năm",
            "joinTime": "18:13:23 || 2025-01-09"
        },
        {
            "id": "100041084152171",
            "count": 0,
            "ttgn": "18:13:23 || thứ năm",
            "joinTime": "18:13:23 || 2025-01-09"
        },
        {
            "id": "100048162285278",
            "count": 0,
            "ttgn": "18:13:23 || thứ năm",
            "joinTime": "18:13:23 || 2025-01-09"
        },
        {
            "id": "100057000183491",
            "count": 0,
            "ttgn": "18:13:23 || thứ năm",
            "joinTime": "18:13:23 || 2025-01-09"
        },
        {
            "id": "1074491699",
            "count": 0,
            "ttgn": "18:13:23 || thứ năm",
            "joinTime": "18:13:23 || 2025-01-09"
        },
        {
            "id": "100053271651959",
            "count": 0,
            "ttgn": "18:13:23 || thứ năm",
            "joinTime": "18:13:23 || 2025-01-09"
        },
        {
            "id": "100070105962705",
            "count": 0,
            "ttgn": "18:13:23 || thứ năm",
            "joinTime": "18:13:23 || 2025-01-09"
        },
        {
            "id": "100063701802914",
            "count": 0,
            "ttgn": "18:13:23 || thứ năm",
            "joinTime": "18:13:23 || 2025-01-09"
        },
        {
            "id": "100021440596522",
            "count": 0,
            "ttgn": "18:13:23 || thứ năm",
            "joinTime": "18:13:23 || 2025-01-09"
        },
        {
            "id": "100079276722653",
            "count": 0,
            "ttgn": "18:13:23 || thứ năm",
            "joinTime": "18:13:23 || 2025-01-09"
        },
        {
            "id": "100046610328037",
            "count": 0,
            "ttgn": "18:13:23 || thứ năm",
            "joinTime": "18:13:23 || 2025-01-09"
        },
        {
            "id": "100049113728435",
            "count": 3,
            "ttgn": "18:13:23 || thứ năm",
            "joinTime": "18:13:23 || 2025-01-09"
        },
        {
            "id": "100093102425928",
            "count": 0,
            "ttgn": "18:13:23 || thứ năm",
            "joinTime": "18:13:23 || 2025-01-09"
        }
    ]
}