{
    "Time": "20:31:27 || 2024-11-26",
    "total": [
        {
            "id": "100008389237018",
            "count": 4,
            "ttgn": "21:18:25 || thứ ba",
            "joinTime": "20:31:27 || 2024-11-26"
        },
        {
            "id": "1429451704",
            "count": 1,
            "ttgn": "22:17:34 || thứ ba",
            "joinTime": "20:31:27 || 2024-11-26"
        },
        {
            "id": "1070105940",
            "count": 0,
            "ttgn": "20:31:27 || thứ ba",
            "joinTime": "20:31:27 || 2024-11-26"
        },
        {
            "id": "1025645703",
            "count": 2,
            "ttgn": "10:01:03 || thứ hai",
            "joinTime": "20:31:27 || 2024-11-26"
        },
        {
            "id": "509484270",
            "count": 112,
            "ttgn": "10:02:22 || thứ hai",
            "joinTime": "20:31:27 || 2024-11-26"
        },
        {
            "id": "100094610018889",
            "count": 14,
            "ttgn": "10:02:10 || thứ hai",
            "joinTime": "20:31:27 || 2024-11-26"
        },
        {
            "id": "100029904845642",
            "count": 44,
            "ttgn": "22:20:16 || thứ ba",
            "joinTime": "20:31:27 || 2024-11-26"
        },
        {
            "id": "100078930363394",
            "count": 45,
            "ttgn": "10:01:45 || thứ hai",
            "joinTime": "22:18:53 || 2024-11-28"
        }
    ],
    "week": [
        {
            "id": "100008389237018",
            "count": 4,
            "ttgn": "21:18:25 || thứ ba",
            "joinTime": "20:31:27 || 2024-11-26"
        },
        {
            "id": "1429451704",
            "count": 1,
            "ttgn": "22:17:34 || thứ ba",
            "joinTime": "20:31:27 || 2024-11-26"
        },
        {
            "id": "1070105940",
            "count": 0,
            "ttgn": "20:31:27 || thứ ba",
            "joinTime": "20:31:27 || 2024-11-26"
        },
        {
            "id": "1025645703",
            "count": 2,
            "ttgn": "10:01:03 || thứ hai",
            "joinTime": "20:31:27 || 2024-11-26"
        },
        {
            "id": "509484270",
            "count": 112,
            "ttgn": "10:02:22 || thứ hai",
            "joinTime": "20:31:27 || 2024-11-26"
        },
        {
            "id": "100094610018889",
            "count": 14,
            "ttgn": "10:02:10 || thứ hai",
            "joinTime": "20:31:27 || 2024-11-26"
        },
        {
            "id": "100029904845642",
            "count": 44,
            "ttgn": "22:20:16 || thứ ba",
            "joinTime": "20:31:27 || 2024-11-26"
        },
        {
            "id": "100078930363394",
            "count": 45,
            "ttgn": "10:01:45 || thứ hai",
            "joinTime": "22:18:53 || 2024-11-28"
        }
    ],
    "day": [
        {
            "id": "100008389237018",
            "count": 4,
            "ttgn": "21:18:25 || thứ ba",
            "joinTime": "20:31:27 || 2024-11-26"
        },
        {
            "id": "1429451704",
            "count": 1,
            "ttgn": "22:17:34 || thứ ba",
            "joinTime": "20:31:27 || 2024-11-26"
        },
        {
            "id": "1070105940",
            "count": 0,
            "ttgn": "20:31:27 || thứ ba",
            "joinTime": "20:31:27 || 2024-11-26"
        },
        {
            "id": "1025645703",
            "count": 2,
            "ttgn": "10:01:03 || thứ hai",
            "joinTime": "20:31:27 || 2024-11-26"
        },
        {
            "id": "509484270",
            "count": 112,
            "ttgn": "10:02:22 || thứ hai",
            "joinTime": "20:31:27 || 2024-11-26"
        },
        {
            "id": "100094610018889",
            "count": 14,
            "ttgn": "10:02:10 || thứ hai",
            "joinTime": "20:31:27 || 2024-11-26"
        },
        {
            "id": "100029904845642",
            "count": 44,
            "ttgn": "22:20:16 || thứ ba",
            "joinTime": "20:31:27 || 2024-11-26"
        },
        {
            "id": "100078930363394",
            "count": 45,
            "ttgn": "10:01:45 || thứ hai",
            "joinTime": "22:18:53 || 2024-11-28"
        }
    ]
}