{
    "Time": "17:39:49 || 2025-01-09",
    "total": [
        {
            "id": "100089480924131",
            "count": 0,
            "ttgn": "17:39:49 || thứ năm",
            "joinTime": "17:39:49 || 2025-01-09"
        },
        {
            "id": "100054874864015",
            "count": 0,
            "ttgn": "17:39:49 || thứ năm",
            "joinTime": "17:39:49 || 2025-01-09"
        },
        {
            "id": "100092777300475",
            "count": 0,
            "ttgn": "17:39:49 || thứ năm",
            "joinTime": "17:39:49 || 2025-01-09"
        },
        {
            "id": "100081154700403",
            "count": 0,
            "ttgn": "17:39:49 || thứ năm",
            "joinTime": "17:39:49 || 2025-01-09"
        },
        {
            "id": "100072701987556",
            "count": 0,
            "ttgn": "17:39:49 || thứ năm",
            "joinTime": "17:39:49 || 2025-01-09"
        },
        {
            "id": "61552312030770",
            "count": 0,
            "ttgn": "17:39:49 || thứ năm",
            "joinTime": "17:39:49 || 2025-01-09"
        },
        {
            "id": "100066793122672",
            "count": 0,
            "ttgn": "17:39:49 || thứ năm",
            "joinTime": "17:39:49 || 2025-01-09"
        },
        {
            "id": "100070957182580",
            "count": 0,
            "ttgn": "17:39:49 || thứ năm",
            "joinTime": "17:39:49 || 2025-01-09"
        },
        {
            "id": "100088314810948",
            "count": 0,
            "ttgn": "17:39:49 || thứ năm",
            "joinTime": "17:39:49 || 2025-01-09"
        },
        {
            "id": "100081508103674",
            "count": 0,
            "ttgn": "17:39:49 || thứ năm",
            "joinTime": "17:39:49 || 2025-01-09"
        },
        {
            "id": "61554019449642",
            "count": 0,
            "ttgn": "17:39:49 || thứ năm",
            "joinTime": "17:39:49 || 2025-01-09"
        },
        {
            "id": "100085412223880",
            "count": 0,
            "ttgn": "17:39:49 || thứ năm",
            "joinTime": "17:39:49 || 2025-01-09"
        },
        {
            "id": "100093954557692",
            "count": 0,
            "ttgn": "17:39:49 || thứ năm",
            "joinTime": "17:39:49 || 2025-01-09"
        },
        {
            "id": "61560203913170",
            "count": 0,
            "ttgn": "17:39:49 || thứ năm",
            "joinTime": "17:39:49 || 2025-01-09"
        },
        {
            "id": "61553385333942",
            "count": 0,
            "ttgn": "17:39:49 || thứ năm",
            "joinTime": "17:39:49 || 2025-01-09"
        },
        {
            "id": "61553548381154",
            "count": 0,
            "ttgn": "17:39:49 || thứ năm",
            "joinTime": "17:39:49 || 2025-01-09"
        },
        {
            "id": "100080973876275",
            "count": 0,
            "ttgn": "17:39:49 || thứ năm",
            "joinTime": "17:39:49 || 2025-01-09"
        },
        {
            "id": "100056062855943",
            "count": 0,
            "ttgn": "17:39:49 || thứ năm",
            "joinTime": "17:39:49 || 2025-01-09"
        },
        {
            "id": "100079313630611",
            "count": 0,
            "ttgn": "17:39:49 || thứ năm",
            "joinTime": "17:39:49 || 2025-01-09"
        },
        {
            "id": "100053703162999",
            "count": 0,
            "ttgn": "17:39:49 || thứ năm",
            "joinTime": "17:39:49 || 2025-01-09"
        },
        {
            "id": "61563969840520",
            "count": 0,
            "ttgn": "17:39:49 || thứ năm",
            "joinTime": "17:39:49 || 2025-01-09"
        },
        {
            "id": "61553687625498",
            "count": 28,
            "ttgn": "17:52:04 || thứ năm",
            "joinTime": "17:39:49 || 2025-01-09"
        },
        {
            "id": "100084732813610",
            "count": 0,
            "ttgn": "17:39:49 || thứ năm",
            "joinTime": "17:39:49 || 2025-01-09"
        },
        {
            "id": "100028334175740",
            "count": 0,
            "ttgn": "17:39:49 || thứ năm",
            "joinTime": "17:39:49 || 2025-01-09"
        },
        {
            "id": "61565656201053",
            "count": 0,
            "ttgn": "17:39:49 || thứ năm",
            "joinTime": "17:39:49 || 2025-01-09"
        },
        {
            "id": "100047324293035",
            "count": 0,
            "ttgn": "17:39:49 || thứ năm",
            "joinTime": "17:39:49 || 2025-01-09"
        },
        {
            "id": "61566422243156",
            "count": 0,
            "ttgn": "17:39:49 || thứ năm",
            "joinTime": "17:39:49 || 2025-01-09"
        },
        {
            "id": "100092361792857",
            "count": 1,
            "ttgn": "17:39:55 || thứ năm",
            "joinTime": "17:39:49 || 2025-01-09"
        },
        {
            "id": "61552302719390",
            "count": 0,
            "ttgn": "17:39:49 || thứ năm",
            "joinTime": "17:39:49 || 2025-01-09"
        },
        {
            "id": "61556163995774",
            "count": 0,
            "ttgn": "17:39:49 || thứ năm",
            "joinTime": "17:39:49 || 2025-01-09"
        },
        {
            "id": "100089962106828",
            "count": 0,
            "ttgn": "17:39:49 || thứ năm",
            "joinTime": "17:39:49 || 2025-01-09"
        },
        {
            "id": "61552076661909",
            "count": 0,
            "ttgn": "17:39:49 || thứ năm",
            "joinTime": "17:39:49 || 2025-01-09"
        },
        {
            "id": "61568683996993",
            "count": 0,
            "ttgn": "17:39:49 || thứ năm",
            "joinTime": "17:39:49 || 2025-01-09"
        },
        {
            "id": "100023169052961",
            "count": 0,
            "ttgn": "17:39:49 || thứ năm",
            "joinTime": "17:39:49 || 2025-01-09"
        },
        {
            "id": "61553355212355",
            "count": 33,
            "ttgn": "17:53:19 || thứ năm",
            "joinTime": "17:39:49 || 2025-01-09"
        },
        {
            "id": "61559681451866",
            "count": 0,
            "ttgn": "17:39:49 || thứ năm",
            "joinTime": "17:39:49 || 2025-01-09"
        },
        {
            "id": "61568766203975",
            "count": 0,
            "ttgn": "17:39:49 || thứ năm",
            "joinTime": "17:39:49 || 2025-01-09"
        },
        {
            "id": "100063835630002",
            "count": 2,
            "ttgn": "17:40:35 || thứ năm",
            "joinTime": "17:39:49 || 2025-01-09"
        },
        {
            "id": "61559903602165",
            "count": 53,
            "ttgn": "17:53:05 || thứ năm",
            "joinTime": "17:39:49 || 2025-01-09"
        },
        {
            "id": "61559193758221",
            "count": 0,
            "ttgn": "17:39:49 || thứ năm",
            "joinTime": "17:39:49 || 2025-01-09"
        },
        {
            "id": "1006428991",
            "count": 0,
            "ttgn": "17:39:49 || thứ năm",
            "joinTime": "17:39:49 || 2025-01-09"
        },
        {
            "id": "61564014744725",
            "count": 0,
            "ttgn": "17:39:49 || thứ năm",
            "joinTime": "17:39:49 || 2025-01-09"
        },
        {
            "id": "100088286371303",
            "count": 0,
            "ttgn": "17:39:49 || thứ năm",
            "joinTime": "17:39:49 || 2025-01-09"
        },
        {
            "id": "61560624462843",
            "count": 0,
            "ttgn": "17:39:49 || thứ năm",
            "joinTime": "17:39:49 || 2025-01-09"
        },
        {
            "id": "100079163539690",
            "count": 0,
            "ttgn": "17:39:49 || thứ năm",
            "joinTime": "17:39:49 || 2025-01-09"
        },
        {
            "id": "100092674664011",
            "count": 0,
            "ttgn": "17:39:49 || thứ năm",
            "joinTime": "17:39:49 || 2025-01-09"
        },
        {
            "id": "61563799468852",
            "count": 0,
            "ttgn": "17:39:49 || thứ năm",
            "joinTime": "17:39:49 || 2025-01-09"
        },
        {
            "id": "100092244455800",
            "count": 9,
            "ttgn": "17:53:16 || thứ năm",
            "joinTime": "17:39:49 || 2025-01-09"
        },
        {
            "id": "100028515336392",
            "count": 0,
            "ttgn": "17:39:49 || thứ năm",
            "joinTime": "17:39:49 || 2025-01-09"
        },
        {
            "id": "61571396775342",
            "count": 0,
            "ttgn": "17:39:49 || thứ năm",
            "joinTime": "17:39:49 || 2025-01-09"
        }
    ],
    "week": [
        {
            "id": "100089480924131",
            "count": 0,
            "ttgn": "17:39:49 || thứ năm",
            "joinTime": "17:39:49 || 2025-01-09"
        },
        {
            "id": "100054874864015",
            "count": 0,
            "ttgn": "17:39:49 || thứ năm",
            "joinTime": "17:39:49 || 2025-01-09"
        },
        {
            "id": "100092777300475",
            "count": 0,
            "ttgn": "17:39:49 || thứ năm",
            "joinTime": "17:39:49 || 2025-01-09"
        },
        {
            "id": "100081154700403",
            "count": 0,
            "ttgn": "17:39:49 || thứ năm",
            "joinTime": "17:39:49 || 2025-01-09"
        },
        {
            "id": "100072701987556",
            "count": 0,
            "ttgn": "17:39:49 || thứ năm",
            "joinTime": "17:39:49 || 2025-01-09"
        },
        {
            "id": "61552312030770",
            "count": 0,
            "ttgn": "17:39:49 || thứ năm",
            "joinTime": "17:39:49 || 2025-01-09"
        },
        {
            "id": "100066793122672",
            "count": 0,
            "ttgn": "17:39:49 || thứ năm",
            "joinTime": "17:39:49 || 2025-01-09"
        },
        {
            "id": "100070957182580",
            "count": 0,
            "ttgn": "17:39:49 || thứ năm",
            "joinTime": "17:39:49 || 2025-01-09"
        },
        {
            "id": "100088314810948",
            "count": 0,
            "ttgn": "17:39:49 || thứ năm",
            "joinTime": "17:39:49 || 2025-01-09"
        },
        {
            "id": "100081508103674",
            "count": 0,
            "ttgn": "17:39:49 || thứ năm",
            "joinTime": "17:39:49 || 2025-01-09"
        },
        {
            "id": "61554019449642",
            "count": 0,
            "ttgn": "17:39:49 || thứ năm",
            "joinTime": "17:39:49 || 2025-01-09"
        },
        {
            "id": "100085412223880",
            "count": 0,
            "ttgn": "17:39:49 || thứ năm",
            "joinTime": "17:39:49 || 2025-01-09"
        },
        {
            "id": "100093954557692",
            "count": 0,
            "ttgn": "17:39:49 || thứ năm",
            "joinTime": "17:39:49 || 2025-01-09"
        },
        {
            "id": "61560203913170",
            "count": 0,
            "ttgn": "17:39:49 || thứ năm",
            "joinTime": "17:39:49 || 2025-01-09"
        },
        {
            "id": "61553385333942",
            "count": 0,
            "ttgn": "17:39:49 || thứ năm",
            "joinTime": "17:39:49 || 2025-01-09"
        },
        {
            "id": "61553548381154",
            "count": 0,
            "ttgn": "17:39:49 || thứ năm",
            "joinTime": "17:39:49 || 2025-01-09"
        },
        {
            "id": "100080973876275",
            "count": 0,
            "ttgn": "17:39:49 || thứ năm",
            "joinTime": "17:39:49 || 2025-01-09"
        },
        {
            "id": "100056062855943",
            "count": 0,
            "ttgn": "17:39:49 || thứ năm",
            "joinTime": "17:39:49 || 2025-01-09"
        },
        {
            "id": "100079313630611",
            "count": 0,
            "ttgn": "17:39:49 || thứ năm",
            "joinTime": "17:39:49 || 2025-01-09"
        },
        {
            "id": "100053703162999",
            "count": 0,
            "ttgn": "17:39:49 || thứ năm",
            "joinTime": "17:39:49 || 2025-01-09"
        },
        {
            "id": "61563969840520",
            "count": 0,
            "ttgn": "17:39:49 || thứ năm",
            "joinTime": "17:39:49 || 2025-01-09"
        },
        {
            "id": "61553687625498",
            "count": 28,
            "ttgn": "17:52:04 || thứ năm",
            "joinTime": "17:39:49 || 2025-01-09"
        },
        {
            "id": "100084732813610",
            "count": 0,
            "ttgn": "17:39:49 || thứ năm",
            "joinTime": "17:39:49 || 2025-01-09"
        },
        {
            "id": "100028334175740",
            "count": 0,
            "ttgn": "17:39:49 || thứ năm",
            "joinTime": "17:39:49 || 2025-01-09"
        },
        {
            "id": "61565656201053",
            "count": 0,
            "ttgn": "17:39:49 || thứ năm",
            "joinTime": "17:39:49 || 2025-01-09"
        },
        {
            "id": "100047324293035",
            "count": 0,
            "ttgn": "17:39:49 || thứ năm",
            "joinTime": "17:39:49 || 2025-01-09"
        },
        {
            "id": "61566422243156",
            "count": 0,
            "ttgn": "17:39:49 || thứ năm",
            "joinTime": "17:39:49 || 2025-01-09"
        },
        {
            "id": "100092361792857",
            "count": 1,
            "ttgn": "17:39:55 || thứ năm",
            "joinTime": "17:39:49 || 2025-01-09"
        },
        {
            "id": "61552302719390",
            "count": 0,
            "ttgn": "17:39:49 || thứ năm",
            "joinTime": "17:39:49 || 2025-01-09"
        },
        {
            "id": "61556163995774",
            "count": 0,
            "ttgn": "17:39:49 || thứ năm",
            "joinTime": "17:39:49 || 2025-01-09"
        },
        {
            "id": "100089962106828",
            "count": 0,
            "ttgn": "17:39:49 || thứ năm",
            "joinTime": "17:39:49 || 2025-01-09"
        },
        {
            "id": "61552076661909",
            "count": 0,
            "ttgn": "17:39:49 || thứ năm",
            "joinTime": "17:39:49 || 2025-01-09"
        },
        {
            "id": "61568683996993",
            "count": 0,
            "ttgn": "17:39:49 || thứ năm",
            "joinTime": "17:39:49 || 2025-01-09"
        },
        {
            "id": "100023169052961",
            "count": 0,
            "ttgn": "17:39:49 || thứ năm",
            "joinTime": "17:39:49 || 2025-01-09"
        },
        {
            "id": "61553355212355",
            "count": 33,
            "ttgn": "17:53:19 || thứ năm",
            "joinTime": "17:39:49 || 2025-01-09"
        },
        {
            "id": "61559681451866",
            "count": 0,
            "ttgn": "17:39:49 || thứ năm",
            "joinTime": "17:39:49 || 2025-01-09"
        },
        {
            "id": "61568766203975",
            "count": 0,
            "ttgn": "17:39:49 || thứ năm",
            "joinTime": "17:39:49 || 2025-01-09"
        },
        {
            "id": "100063835630002",
            "count": 2,
            "ttgn": "17:40:35 || thứ năm",
            "joinTime": "17:39:49 || 2025-01-09"
        },
        {
            "id": "61559903602165",
            "count": 53,
            "ttgn": "17:53:05 || thứ năm",
            "joinTime": "17:39:49 || 2025-01-09"
        },
        {
            "id": "61559193758221",
            "count": 0,
            "ttgn": "17:39:49 || thứ năm",
            "joinTime": "17:39:49 || 2025-01-09"
        },
        {
            "id": "1006428991",
            "count": 0,
            "ttgn": "17:39:49 || thứ năm",
            "joinTime": "17:39:49 || 2025-01-09"
        },
        {
            "id": "61564014744725",
            "count": 0,
            "ttgn": "17:39:49 || thứ năm",
            "joinTime": "17:39:49 || 2025-01-09"
        },
        {
            "id": "100088286371303",
            "count": 0,
            "ttgn": "17:39:49 || thứ năm",
            "joinTime": "17:39:49 || 2025-01-09"
        },
        {
            "id": "61560624462843",
            "count": 0,
            "ttgn": "17:39:49 || thứ năm",
            "joinTime": "17:39:49 || 2025-01-09"
        },
        {
            "id": "100079163539690",
            "count": 0,
            "ttgn": "17:39:49 || thứ năm",
            "joinTime": "17:39:49 || 2025-01-09"
        },
        {
            "id": "100092674664011",
            "count": 0,
            "ttgn": "17:39:49 || thứ năm",
            "joinTime": "17:39:49 || 2025-01-09"
        },
        {
            "id": "61563799468852",
            "count": 0,
            "ttgn": "17:39:49 || thứ năm",
            "joinTime": "17:39:49 || 2025-01-09"
        },
        {
            "id": "100092244455800",
            "count": 9,
            "ttgn": "17:53:16 || thứ năm",
            "joinTime": "17:39:49 || 2025-01-09"
        },
        {
            "id": "100028515336392",
            "count": 0,
            "ttgn": "17:39:49 || thứ năm",
            "joinTime": "17:39:49 || 2025-01-09"
        },
        {
            "id": "61571396775342",
            "count": 0,
            "ttgn": "17:39:49 || thứ năm",
            "joinTime": "17:39:49 || 2025-01-09"
        }
    ],
    "day": [
        {
            "id": "100089480924131",
            "count": 0,
            "ttgn": "17:39:49 || thứ năm",
            "joinTime": "17:39:49 || 2025-01-09"
        },
        {
            "id": "100054874864015",
            "count": 0,
            "ttgn": "17:39:49 || thứ năm",
            "joinTime": "17:39:49 || 2025-01-09"
        },
        {
            "id": "100092777300475",
            "count": 0,
            "ttgn": "17:39:49 || thứ năm",
            "joinTime": "17:39:49 || 2025-01-09"
        },
        {
            "id": "100081154700403",
            "count": 0,
            "ttgn": "17:39:49 || thứ năm",
            "joinTime": "17:39:49 || 2025-01-09"
        },
        {
            "id": "100072701987556",
            "count": 0,
            "ttgn": "17:39:49 || thứ năm",
            "joinTime": "17:39:49 || 2025-01-09"
        },
        {
            "id": "61552312030770",
            "count": 0,
            "ttgn": "17:39:49 || thứ năm",
            "joinTime": "17:39:49 || 2025-01-09"
        },
        {
            "id": "100066793122672",
            "count": 0,
            "ttgn": "17:39:49 || thứ năm",
            "joinTime": "17:39:49 || 2025-01-09"
        },
        {
            "id": "100070957182580",
            "count": 0,
            "ttgn": "17:39:49 || thứ năm",
            "joinTime": "17:39:49 || 2025-01-09"
        },
        {
            "id": "100088314810948",
            "count": 0,
            "ttgn": "17:39:49 || thứ năm",
            "joinTime": "17:39:49 || 2025-01-09"
        },
        {
            "id": "100081508103674",
            "count": 0,
            "ttgn": "17:39:49 || thứ năm",
            "joinTime": "17:39:49 || 2025-01-09"
        },
        {
            "id": "61554019449642",
            "count": 0,
            "ttgn": "17:39:49 || thứ năm",
            "joinTime": "17:39:49 || 2025-01-09"
        },
        {
            "id": "100085412223880",
            "count": 0,
            "ttgn": "17:39:49 || thứ năm",
            "joinTime": "17:39:49 || 2025-01-09"
        },
        {
            "id": "100093954557692",
            "count": 0,
            "ttgn": "17:39:49 || thứ năm",
            "joinTime": "17:39:49 || 2025-01-09"
        },
        {
            "id": "61560203913170",
            "count": 0,
            "ttgn": "17:39:49 || thứ năm",
            "joinTime": "17:39:49 || 2025-01-09"
        },
        {
            "id": "61553385333942",
            "count": 0,
            "ttgn": "17:39:49 || thứ năm",
            "joinTime": "17:39:49 || 2025-01-09"
        },
        {
            "id": "61553548381154",
            "count": 0,
            "ttgn": "17:39:49 || thứ năm",
            "joinTime": "17:39:49 || 2025-01-09"
        },
        {
            "id": "100080973876275",
            "count": 0,
            "ttgn": "17:39:49 || thứ năm",
            "joinTime": "17:39:49 || 2025-01-09"
        },
        {
            "id": "100056062855943",
            "count": 0,
            "ttgn": "17:39:49 || thứ năm",
            "joinTime": "17:39:49 || 2025-01-09"
        },
        {
            "id": "100079313630611",
            "count": 0,
            "ttgn": "17:39:49 || thứ năm",
            "joinTime": "17:39:49 || 2025-01-09"
        },
        {
            "id": "100053703162999",
            "count": 0,
            "ttgn": "17:39:49 || thứ năm",
            "joinTime": "17:39:49 || 2025-01-09"
        },
        {
            "id": "61563969840520",
            "count": 0,
            "ttgn": "17:39:49 || thứ năm",
            "joinTime": "17:39:49 || 2025-01-09"
        },
        {
            "id": "61553687625498",
            "count": 28,
            "ttgn": "17:52:04 || thứ năm",
            "joinTime": "17:39:49 || 2025-01-09"
        },
        {
            "id": "100084732813610",
            "count": 0,
            "ttgn": "17:39:49 || thứ năm",
            "joinTime": "17:39:49 || 2025-01-09"
        },
        {
            "id": "100028334175740",
            "count": 0,
            "ttgn": "17:39:49 || thứ năm",
            "joinTime": "17:39:49 || 2025-01-09"
        },
        {
            "id": "61565656201053",
            "count": 0,
            "ttgn": "17:39:49 || thứ năm",
            "joinTime": "17:39:49 || 2025-01-09"
        },
        {
            "id": "100047324293035",
            "count": 0,
            "ttgn": "17:39:49 || thứ năm",
            "joinTime": "17:39:49 || 2025-01-09"
        },
        {
            "id": "61566422243156",
            "count": 0,
            "ttgn": "17:39:49 || thứ năm",
            "joinTime": "17:39:49 || 2025-01-09"
        },
        {
            "id": "100092361792857",
            "count": 1,
            "ttgn": "17:39:55 || thứ năm",
            "joinTime": "17:39:49 || 2025-01-09"
        },
        {
            "id": "61552302719390",
            "count": 0,
            "ttgn": "17:39:49 || thứ năm",
            "joinTime": "17:39:49 || 2025-01-09"
        },
        {
            "id": "61556163995774",
            "count": 0,
            "ttgn": "17:39:49 || thứ năm",
            "joinTime": "17:39:49 || 2025-01-09"
        },
        {
            "id": "100089962106828",
            "count": 0,
            "ttgn": "17:39:49 || thứ năm",
            "joinTime": "17:39:49 || 2025-01-09"
        },
        {
            "id": "61552076661909",
            "count": 0,
            "ttgn": "17:39:49 || thứ năm",
            "joinTime": "17:39:49 || 2025-01-09"
        },
        {
            "id": "61568683996993",
            "count": 0,
            "ttgn": "17:39:49 || thứ năm",
            "joinTime": "17:39:49 || 2025-01-09"
        },
        {
            "id": "100023169052961",
            "count": 0,
            "ttgn": "17:39:49 || thứ năm",
            "joinTime": "17:39:49 || 2025-01-09"
        },
        {
            "id": "61553355212355",
            "count": 33,
            "ttgn": "17:53:19 || thứ năm",
            "joinTime": "17:39:49 || 2025-01-09"
        },
        {
            "id": "61559681451866",
            "count": 0,
            "ttgn": "17:39:49 || thứ năm",
            "joinTime": "17:39:49 || 2025-01-09"
        },
        {
            "id": "61568766203975",
            "count": 0,
            "ttgn": "17:39:49 || thứ năm",
            "joinTime": "17:39:49 || 2025-01-09"
        },
        {
            "id": "100063835630002",
            "count": 2,
            "ttgn": "17:40:35 || thứ năm",
            "joinTime": "17:39:49 || 2025-01-09"
        },
        {
            "id": "61559903602165",
            "count": 53,
            "ttgn": "17:53:05 || thứ năm",
            "joinTime": "17:39:49 || 2025-01-09"
        },
        {
            "id": "61559193758221",
            "count": 0,
            "ttgn": "17:39:49 || thứ năm",
            "joinTime": "17:39:49 || 2025-01-09"
        },
        {
            "id": "1006428991",
            "count": 0,
            "ttgn": "17:39:49 || thứ năm",
            "joinTime": "17:39:49 || 2025-01-09"
        },
        {
            "id": "61564014744725",
            "count": 0,
            "ttgn": "17:39:49 || thứ năm",
            "joinTime": "17:39:49 || 2025-01-09"
        },
        {
            "id": "100088286371303",
            "count": 0,
            "ttgn": "17:39:49 || thứ năm",
            "joinTime": "17:39:49 || 2025-01-09"
        },
        {
            "id": "61560624462843",
            "count": 0,
            "ttgn": "17:39:49 || thứ năm",
            "joinTime": "17:39:49 || 2025-01-09"
        },
        {
            "id": "100079163539690",
            "count": 0,
            "ttgn": "17:39:49 || thứ năm",
            "joinTime": "17:39:49 || 2025-01-09"
        },
        {
            "id": "100092674664011",
            "count": 0,
            "ttgn": "17:39:49 || thứ năm",
            "joinTime": "17:39:49 || 2025-01-09"
        },
        {
            "id": "61563799468852",
            "count": 0,
            "ttgn": "17:39:49 || thứ năm",
            "joinTime": "17:39:49 || 2025-01-09"
        },
        {
            "id": "100092244455800",
            "count": 9,
            "ttgn": "17:53:16 || thứ năm",
            "joinTime": "17:39:49 || 2025-01-09"
        },
        {
            "id": "100028515336392",
            "count": 0,
            "ttgn": "17:39:49 || thứ năm",
            "joinTime": "17:39:49 || 2025-01-09"
        },
        {
            "id": "61571396775342",
            "count": 0,
            "ttgn": "17:39:49 || thứ năm",
            "joinTime": "17:39:49 || 2025-01-09"
        }
    ]
}