{
    "Time": "12:25:40 || 2024-11-24",
    "total": [
        {
            "id": "100010868923221",
            "count": 1,
            "ttgn": "12:27:33 || chủ nhật",
            "joinTime": "12:25:40 || 2024-11-24"
        },
        {
            "id": "100037135103587",
            "count": 2,
            "ttgn": "12:54:19 || chủ nhật",
            "joinTime": "12:25:40 || 2024-11-24"
        },
        {
            "id": "100017183027778",
            "count": 0,
            "ttgn": "12:25:40 || chủ nhật",
            "joinTime": "12:25:40 || 2024-11-24"
        },
        {
            "id": "100034698729400",
            "count": 0,
            "ttgn": "12:25:40 || chủ nhật",
            "joinTime": "12:25:40 || 2024-11-24"
        },
        {
            "id": "61553217301882",
            "count": 0,
            "ttgn": "12:25:40 || chủ nhật",
            "joinTime": "12:25:40 || 2024-11-24"
        },
        {
            "id": "100013947272426",
            "count": 0,
            "ttgn": "12:25:40 || chủ nhật",
            "joinTime": "12:25:40 || 2024-11-24"
        },
        {
            "id": "100014937254889",
            "count": 0,
            "ttgn": "12:25:40 || chủ nhật",
            "joinTime": "12:25:40 || 2024-11-24"
        },
        {
            "id": "100037830540202",
            "count": 0,
            "ttgn": "12:25:40 || chủ nhật",
            "joinTime": "12:25:40 || 2024-11-24"
        },
        {
            "id": "100035175516905",
            "count": 0,
            "ttgn": "12:25:40 || chủ nhật",
            "joinTime": "12:25:40 || 2024-11-24"
        },
        {
            "id": "100031988768972",
            "count": 2,
            "ttgn": "12:54:14 || chủ nhật",
            "joinTime": "12:25:40 || 2024-11-24"
        },
        {
            "id": "100013289674151",
            "count": 0,
            "ttgn": "12:25:40 || chủ nhật",
            "joinTime": "12:25:40 || 2024-11-24"
        },
        {
            "id": "100066758441778",
            "count": 0,
            "ttgn": "12:25:40 || chủ nhật",
            "joinTime": "12:25:40 || 2024-11-24"
        },
        {
            "id": "100008719621621",
            "count": 0,
            "ttgn": "12:25:40 || chủ nhật",
            "joinTime": "12:25:40 || 2024-11-24"
        },
        {
            "id": "100094221536365",
            "count": 0,
            "ttgn": "12:25:40 || chủ nhật",
            "joinTime": "12:25:40 || 2024-11-24"
        },
        {
            "id": "100076064526248",
            "count": 0,
            "ttgn": "12:25:40 || chủ nhật",
            "joinTime": "12:25:40 || 2024-11-24"
        },
        {
            "id": "61554932764872",
            "count": 0,
            "ttgn": "12:25:40 || chủ nhật",
            "joinTime": "12:25:40 || 2024-11-24"
        },
        {
            "id": "100029338831119",
            "count": 0,
            "ttgn": "12:25:40 || chủ nhật",
            "joinTime": "12:25:40 || 2024-11-24"
        },
        {
            "id": "100011015640838",
            "count": 0,
            "ttgn": "12:25:40 || chủ nhật",
            "joinTime": "12:25:40 || 2024-11-24"
        },
        {
            "id": "100041789204711",
            "count": 0,
            "ttgn": "12:25:40 || chủ nhật",
            "joinTime": "12:25:40 || 2024-11-24"
        },
        {
            "id": "100042588729692",
            "count": 0,
            "ttgn": "12:25:40 || chủ nhật",
            "joinTime": "12:25:40 || 2024-11-24"
        },
        {
            "id": "100058881707370",
            "count": 0,
            "ttgn": "12:25:40 || chủ nhật",
            "joinTime": "12:25:40 || 2024-11-24"
        },
        {
            "id": "100002102951620",
            "count": 0,
            "ttgn": "12:25:40 || chủ nhật",
            "joinTime": "12:25:40 || 2024-11-24"
        },
        {
            "id": "100052134489760",
            "count": 0,
            "ttgn": "12:25:40 || chủ nhật",
            "joinTime": "12:25:40 || 2024-11-24"
        },
        {
            "id": "100065064571744",
            "count": 0,
            "ttgn": "12:25:40 || chủ nhật",
            "joinTime": "12:25:40 || 2024-11-24"
        },
        {
            "id": "100089126538021",
            "count": 0,
            "ttgn": "12:25:40 || chủ nhật",
            "joinTime": "12:25:40 || 2024-11-24"
        },
        {
            "id": "100016189420776",
            "count": 0,
            "ttgn": "12:25:40 || chủ nhật",
            "joinTime": "12:25:40 || 2024-11-24"
        },
        {
            "id": "100009563721098",
            "count": 0,
            "ttgn": "12:25:40 || chủ nhật",
            "joinTime": "12:25:40 || 2024-11-24"
        },
        {
            "id": "100015236978992",
            "count": 0,
            "ttgn": "12:25:40 || chủ nhật",
            "joinTime": "12:25:40 || 2024-11-24"
        },
        {
            "id": "100003137087385",
            "count": 4,
            "ttgn": "12:36:42 || chủ nhật",
            "joinTime": "12:25:40 || 2024-11-24"
        },
        {
            "id": "100053094052786",
            "count": 0,
            "ttgn": "12:25:40 || chủ nhật",
            "joinTime": "12:25:40 || 2024-11-24"
        },
        {
            "id": "100078176709207",
            "count": 0,
            "ttgn": "12:25:40 || chủ nhật",
            "joinTime": "12:25:40 || 2024-11-24"
        },
        {
            "id": "100029419606451",
            "count": 0,
            "ttgn": "12:25:40 || chủ nhật",
            "joinTime": "12:25:40 || 2024-11-24"
        },
        {
            "id": "100084933757424",
            "count": 0,
            "ttgn": "12:25:40 || chủ nhật",
            "joinTime": "12:25:40 || 2024-11-24"
        },
        {
            "id": "100090394911365",
            "count": 0,
            "ttgn": "12:25:40 || chủ nhật",
            "joinTime": "12:25:40 || 2024-11-24"
        },
        {
            "id": "100007549217094",
            "count": 0,
            "ttgn": "12:25:40 || chủ nhật",
            "joinTime": "12:25:40 || 2024-11-24"
        },
        {
            "id": "100017385728950",
            "count": 0,
            "ttgn": "12:25:40 || chủ nhật",
            "joinTime": "12:25:40 || 2024-11-24"
        },
        {
            "id": "100083369258064",
            "count": 0,
            "ttgn": "12:25:40 || chủ nhật",
            "joinTime": "12:25:40 || 2024-11-24"
        },
        {
            "id": "100041908373928",
            "count": 0,
            "ttgn": "12:25:40 || chủ nhật",
            "joinTime": "12:25:40 || 2024-11-24"
        },
        {
            "id": "100069033084582",
            "count": 0,
            "ttgn": "12:25:40 || chủ nhật",
            "joinTime": "12:25:40 || 2024-11-24"
        },
        {
            "id": "100030051787471",
            "count": 0,
            "ttgn": "12:25:40 || chủ nhật",
            "joinTime": "12:25:40 || 2024-11-24"
        },
        {
            "id": "100064768533290",
            "count": 0,
            "ttgn": "12:25:40 || chủ nhật",
            "joinTime": "12:25:40 || 2024-11-24"
        },
        {
            "id": "100015377551552",
            "count": 0,
            "ttgn": "12:25:40 || chủ nhật",
            "joinTime": "12:25:40 || 2024-11-24"
        },
        {
            "id": "100009557871759",
            "count": 0,
            "ttgn": "12:25:40 || chủ nhật",
            "joinTime": "12:25:40 || 2024-11-24"
        },
        {
            "id": "100073918684382",
            "count": 0,
            "ttgn": "12:25:40 || chủ nhật",
            "joinTime": "12:25:40 || 2024-11-24"
        },
        {
            "id": "100088336131594",
            "count": 0,
            "ttgn": "12:25:40 || chủ nhật",
            "joinTime": "12:25:40 || 2024-11-24"
        },
        {
            "id": "100012954368182",
            "count": 0,
            "ttgn": "12:25:40 || chủ nhật",
            "joinTime": "12:25:40 || 2024-11-24"
        },
        {
            "id": "61551552578965",
            "count": 0,
            "ttgn": "12:25:40 || chủ nhật",
            "joinTime": "12:25:40 || 2024-11-24"
        },
        {
            "id": "100086714505770",
            "count": 0,
            "ttgn": "12:25:40 || chủ nhật",
            "joinTime": "12:25:40 || 2024-11-24"
        },
        {
            "id": "100076001591721",
            "count": 0,
            "ttgn": "12:25:40 || chủ nhật",
            "joinTime": "12:25:40 || 2024-11-24"
        },
        {
            "id": "100016683630195",
            "count": 0,
            "ttgn": "12:25:40 || chủ nhật",
            "joinTime": "12:25:40 || 2024-11-24"
        },
        {
            "id": "100082048117324",
            "count": 0,
            "ttgn": "12:25:40 || chủ nhật",
            "joinTime": "12:25:40 || 2024-11-24"
        },
        {
            "id": "100024674978253",
            "count": 0,
            "ttgn": "12:25:40 || chủ nhật",
            "joinTime": "12:25:40 || 2024-11-24"
        },
        {
            "id": "100046616804428",
            "count": 0,
            "ttgn": "12:25:40 || chủ nhật",
            "joinTime": "12:25:40 || 2024-11-24"
        },
        {
            "id": "100028911764506",
            "count": 0,
            "ttgn": "12:25:40 || chủ nhật",
            "joinTime": "12:25:40 || 2024-11-24"
        },
        {
            "id": "100049792550130",
            "count": 0,
            "ttgn": "12:25:40 || chủ nhật",
            "joinTime": "12:25:40 || 2024-11-24"
        },
        {
            "id": "100013347396366",
            "count": 0,
            "ttgn": "12:25:40 || chủ nhật",
            "joinTime": "12:25:40 || 2024-11-24"
        },
        {
            "id": "100044474137308",
            "count": 0,
            "ttgn": "12:25:40 || chủ nhật",
            "joinTime": "12:25:40 || 2024-11-24"
        },
        {
            "id": "100049872048561",
            "count": 0,
            "ttgn": "12:25:40 || chủ nhật",
            "joinTime": "12:25:40 || 2024-11-24"
        },
        {
            "id": "100038143145566",
            "count": 0,
            "ttgn": "12:25:40 || chủ nhật",
            "joinTime": "12:25:40 || 2024-11-24"
        },
        {
            "id": "100077483994781",
            "count": 0,
            "ttgn": "12:25:40 || chủ nhật",
            "joinTime": "12:25:40 || 2024-11-24"
        },
        {
            "id": "100022393433726",
            "count": 0,
            "ttgn": "12:25:40 || chủ nhật",
            "joinTime": "12:25:40 || 2024-11-24"
        },
        {
            "id": "100009668319504",
            "count": 0,
            "ttgn": "12:25:40 || chủ nhật",
            "joinTime": "12:25:40 || 2024-11-24"
        },
        {
            "id": "100025480248324",
            "count": 0,
            "ttgn": "12:25:40 || chủ nhật",
            "joinTime": "12:25:40 || 2024-11-24"
        },
        {
            "id": "100054629453641",
            "count": 0,
            "ttgn": "12:25:40 || chủ nhật",
            "joinTime": "12:25:40 || 2024-11-24"
        },
        {
            "id": "100089246928343",
            "count": 0,
            "ttgn": "12:25:40 || chủ nhật",
            "joinTime": "12:25:40 || 2024-11-24"
        },
        {
            "id": "100051420558212",
            "count": 0,
            "ttgn": "12:25:40 || chủ nhật",
            "joinTime": "12:25:40 || 2024-11-24"
        },
        {
            "id": "100006033725261",
            "count": 0,
            "ttgn": "12:25:40 || chủ nhật",
            "joinTime": "12:25:40 || 2024-11-24"
        },
        {
            "id": "100080883923193",
            "count": 0,
            "ttgn": "12:25:40 || chủ nhật",
            "joinTime": "12:25:40 || 2024-11-24"
        },
        {
            "id": "100029553937903",
            "count": 0,
            "ttgn": "12:25:40 || chủ nhật",
            "joinTime": "12:25:40 || 2024-11-24"
        },
        {
            "id": "100019785027246",
            "count": 0,
            "ttgn": "12:25:40 || chủ nhật",
            "joinTime": "12:25:40 || 2024-11-24"
        },
        {
            "id": "100069921901765",
            "count": 0,
            "ttgn": "12:25:40 || chủ nhật",
            "joinTime": "12:25:40 || 2024-11-24"
        },
        {
            "id": "100087892462460",
            "count": 0,
            "ttgn": "12:25:40 || chủ nhật",
            "joinTime": "12:25:40 || 2024-11-24"
        },
        {
            "id": "100028047617761",
            "count": 0,
            "ttgn": "12:25:40 || chủ nhật",
            "joinTime": "12:25:40 || 2024-11-24"
        },
        {
            "id": "100000549831930",
            "count": 0,
            "ttgn": "12:25:40 || chủ nhật",
            "joinTime": "12:25:40 || 2024-11-24"
        },
        {
            "id": "100027764494403",
            "count": 0,
            "ttgn": "12:25:40 || chủ nhật",
            "joinTime": "12:25:40 || 2024-11-24"
        },
        {
            "id": "100075813795698",
            "count": 0,
            "ttgn": "12:25:40 || chủ nhật",
            "joinTime": "12:25:40 || 2024-11-24"
        },
        {
            "id": "100034979438640",
            "count": 0,
            "ttgn": "12:25:40 || chủ nhật",
            "joinTime": "12:25:40 || 2024-11-24"
        },
        {
            "id": "100084296409706",
            "count": 0,
            "ttgn": "12:25:40 || chủ nhật",
            "joinTime": "12:25:40 || 2024-11-24"
        },
        {
            "id": "100079577807941",
            "count": 0,
            "ttgn": "12:25:40 || chủ nhật",
            "joinTime": "12:25:40 || 2024-11-24"
        },
        {
            "id": "100073875606200",
            "count": 0,
            "ttgn": "12:25:40 || chủ nhật",
            "joinTime": "12:25:40 || 2024-11-24"
        },
        {
            "id": "100023641500923",
            "count": 0,
            "ttgn": "12:25:40 || chủ nhật",
            "joinTime": "12:25:40 || 2024-11-24"
        },
        {
            "id": "100053429381616",
            "count": 0,
            "ttgn": "12:25:40 || chủ nhật",
            "joinTime": "12:25:40 || 2024-11-24"
        },
        {
            "id": "100022363302113",
            "count": 0,
            "ttgn": "12:25:40 || chủ nhật",
            "joinTime": "12:25:40 || 2024-11-24"
        },
        {
            "id": "100088764432640",
            "count": 0,
            "ttgn": "12:25:40 || chủ nhật",
            "joinTime": "12:25:40 || 2024-11-24"
        },
        {
            "id": "100065246676176",
            "count": 0,
            "ttgn": "12:25:40 || chủ nhật",
            "joinTime": "12:25:40 || 2024-11-24"
        },
        {
            "id": "100034472372710",
            "count": 0,
            "ttgn": "12:25:40 || chủ nhật",
            "joinTime": "12:25:40 || 2024-11-24"
        },
        {
            "id": "100030992959391",
            "count": 0,
            "ttgn": "12:25:40 || chủ nhật",
            "joinTime": "12:25:40 || 2024-11-24"
        },
        {
            "id": "100085386549970",
            "count": 0,
            "ttgn": "12:25:40 || chủ nhật",
            "joinTime": "12:25:40 || 2024-11-24"
        },
        {
            "id": "100004713012992",
            "count": 0,
            "ttgn": "12:25:40 || chủ nhật",
            "joinTime": "12:25:40 || 2024-11-24"
        },
        {
            "id": "61564115622563",
            "count": 0,
            "ttgn": "12:25:40 || chủ nhật",
            "joinTime": "12:25:40 || 2024-11-24"
        },
        {
            "id": "100044882437883",
            "count": 0,
            "ttgn": "12:25:40 || chủ nhật",
            "joinTime": "12:25:40 || 2024-11-24"
        },
        {
            "id": "61564726944953",
            "count": 0,
            "ttgn": "12:25:40 || chủ nhật",
            "joinTime": "12:25:40 || 2024-11-24"
        },
        {
            "id": "100035624018845",
            "count": 0,
            "ttgn": "12:25:40 || chủ nhật",
            "joinTime": "12:25:40 || 2024-11-24"
        }
    ],
    "week": [
        {
            "id": "100010868923221",
            "count": 1,
            "ttgn": "12:27:33 || chủ nhật",
            "joinTime": "12:25:40 || 2024-11-24"
        },
        {
            "id": "100037135103587",
            "count": 2,
            "ttgn": "12:54:19 || chủ nhật",
            "joinTime": "12:25:40 || 2024-11-24"
        },
        {
            "id": "100017183027778",
            "count": 0,
            "ttgn": "12:25:40 || chủ nhật",
            "joinTime": "12:25:40 || 2024-11-24"
        },
        {
            "id": "100034698729400",
            "count": 0,
            "ttgn": "12:25:40 || chủ nhật",
            "joinTime": "12:25:40 || 2024-11-24"
        },
        {
            "id": "61553217301882",
            "count": 0,
            "ttgn": "12:25:40 || chủ nhật",
            "joinTime": "12:25:40 || 2024-11-24"
        },
        {
            "id": "100013947272426",
            "count": 0,
            "ttgn": "12:25:40 || chủ nhật",
            "joinTime": "12:25:40 || 2024-11-24"
        },
        {
            "id": "100014937254889",
            "count": 0,
            "ttgn": "12:25:40 || chủ nhật",
            "joinTime": "12:25:40 || 2024-11-24"
        },
        {
            "id": "100037830540202",
            "count": 0,
            "ttgn": "12:25:40 || chủ nhật",
            "joinTime": "12:25:40 || 2024-11-24"
        },
        {
            "id": "100035175516905",
            "count": 0,
            "ttgn": "12:25:40 || chủ nhật",
            "joinTime": "12:25:40 || 2024-11-24"
        },
        {
            "id": "100031988768972",
            "count": 2,
            "ttgn": "12:54:14 || chủ nhật",
            "joinTime": "12:25:40 || 2024-11-24"
        },
        {
            "id": "100013289674151",
            "count": 0,
            "ttgn": "12:25:40 || chủ nhật",
            "joinTime": "12:25:40 || 2024-11-24"
        },
        {
            "id": "100066758441778",
            "count": 0,
            "ttgn": "12:25:40 || chủ nhật",
            "joinTime": "12:25:40 || 2024-11-24"
        },
        {
            "id": "100008719621621",
            "count": 0,
            "ttgn": "12:25:40 || chủ nhật",
            "joinTime": "12:25:40 || 2024-11-24"
        },
        {
            "id": "100094221536365",
            "count": 0,
            "ttgn": "12:25:40 || chủ nhật",
            "joinTime": "12:25:40 || 2024-11-24"
        },
        {
            "id": "100076064526248",
            "count": 0,
            "ttgn": "12:25:40 || chủ nhật",
            "joinTime": "12:25:40 || 2024-11-24"
        },
        {
            "id": "61554932764872",
            "count": 0,
            "ttgn": "12:25:40 || chủ nhật",
            "joinTime": "12:25:40 || 2024-11-24"
        },
        {
            "id": "100029338831119",
            "count": 0,
            "ttgn": "12:25:40 || chủ nhật",
            "joinTime": "12:25:40 || 2024-11-24"
        },
        {
            "id": "100011015640838",
            "count": 0,
            "ttgn": "12:25:40 || chủ nhật",
            "joinTime": "12:25:40 || 2024-11-24"
        },
        {
            "id": "100041789204711",
            "count": 0,
            "ttgn": "12:25:40 || chủ nhật",
            "joinTime": "12:25:40 || 2024-11-24"
        },
        {
            "id": "100042588729692",
            "count": 0,
            "ttgn": "12:25:40 || chủ nhật",
            "joinTime": "12:25:40 || 2024-11-24"
        },
        {
            "id": "100058881707370",
            "count": 0,
            "ttgn": "12:25:40 || chủ nhật",
            "joinTime": "12:25:40 || 2024-11-24"
        },
        {
            "id": "100002102951620",
            "count": 0,
            "ttgn": "12:25:40 || chủ nhật",
            "joinTime": "12:25:40 || 2024-11-24"
        },
        {
            "id": "100052134489760",
            "count": 0,
            "ttgn": "12:25:40 || chủ nhật",
            "joinTime": "12:25:40 || 2024-11-24"
        },
        {
            "id": "100065064571744",
            "count": 0,
            "ttgn": "12:25:40 || chủ nhật",
            "joinTime": "12:25:40 || 2024-11-24"
        },
        {
            "id": "100089126538021",
            "count": 0,
            "ttgn": "12:25:40 || chủ nhật",
            "joinTime": "12:25:40 || 2024-11-24"
        },
        {
            "id": "100016189420776",
            "count": 0,
            "ttgn": "12:25:40 || chủ nhật",
            "joinTime": "12:25:40 || 2024-11-24"
        },
        {
            "id": "100009563721098",
            "count": 0,
            "ttgn": "12:25:40 || chủ nhật",
            "joinTime": "12:25:40 || 2024-11-24"
        },
        {
            "id": "100015236978992",
            "count": 0,
            "ttgn": "12:25:40 || chủ nhật",
            "joinTime": "12:25:40 || 2024-11-24"
        },
        {
            "id": "100003137087385",
            "count": 4,
            "ttgn": "12:36:42 || chủ nhật",
            "joinTime": "12:25:40 || 2024-11-24"
        },
        {
            "id": "100053094052786",
            "count": 0,
            "ttgn": "12:25:40 || chủ nhật",
            "joinTime": "12:25:40 || 2024-11-24"
        },
        {
            "id": "100078176709207",
            "count": 0,
            "ttgn": "12:25:40 || chủ nhật",
            "joinTime": "12:25:40 || 2024-11-24"
        },
        {
            "id": "100029419606451",
            "count": 0,
            "ttgn": "12:25:40 || chủ nhật",
            "joinTime": "12:25:40 || 2024-11-24"
        },
        {
            "id": "100084933757424",
            "count": 0,
            "ttgn": "12:25:40 || chủ nhật",
            "joinTime": "12:25:40 || 2024-11-24"
        },
        {
            "id": "100090394911365",
            "count": 0,
            "ttgn": "12:25:40 || chủ nhật",
            "joinTime": "12:25:40 || 2024-11-24"
        },
        {
            "id": "100007549217094",
            "count": 0,
            "ttgn": "12:25:40 || chủ nhật",
            "joinTime": "12:25:40 || 2024-11-24"
        },
        {
            "id": "100017385728950",
            "count": 0,
            "ttgn": "12:25:40 || chủ nhật",
            "joinTime": "12:25:40 || 2024-11-24"
        },
        {
            "id": "100083369258064",
            "count": 0,
            "ttgn": "12:25:40 || chủ nhật",
            "joinTime": "12:25:40 || 2024-11-24"
        },
        {
            "id": "100041908373928",
            "count": 0,
            "ttgn": "12:25:40 || chủ nhật",
            "joinTime": "12:25:40 || 2024-11-24"
        },
        {
            "id": "100069033084582",
            "count": 0,
            "ttgn": "12:25:40 || chủ nhật",
            "joinTime": "12:25:40 || 2024-11-24"
        },
        {
            "id": "100030051787471",
            "count": 0,
            "ttgn": "12:25:40 || chủ nhật",
            "joinTime": "12:25:40 || 2024-11-24"
        },
        {
            "id": "100064768533290",
            "count": 0,
            "ttgn": "12:25:40 || chủ nhật",
            "joinTime": "12:25:40 || 2024-11-24"
        },
        {
            "id": "100015377551552",
            "count": 0,
            "ttgn": "12:25:40 || chủ nhật",
            "joinTime": "12:25:40 || 2024-11-24"
        },
        {
            "id": "100009557871759",
            "count": 0,
            "ttgn": "12:25:40 || chủ nhật",
            "joinTime": "12:25:40 || 2024-11-24"
        },
        {
            "id": "100073918684382",
            "count": 0,
            "ttgn": "12:25:40 || chủ nhật",
            "joinTime": "12:25:40 || 2024-11-24"
        },
        {
            "id": "100088336131594",
            "count": 0,
            "ttgn": "12:25:40 || chủ nhật",
            "joinTime": "12:25:40 || 2024-11-24"
        },
        {
            "id": "100012954368182",
            "count": 0,
            "ttgn": "12:25:40 || chủ nhật",
            "joinTime": "12:25:40 || 2024-11-24"
        },
        {
            "id": "61551552578965",
            "count": 0,
            "ttgn": "12:25:40 || chủ nhật",
            "joinTime": "12:25:40 || 2024-11-24"
        },
        {
            "id": "100086714505770",
            "count": 0,
            "ttgn": "12:25:40 || chủ nhật",
            "joinTime": "12:25:40 || 2024-11-24"
        },
        {
            "id": "100076001591721",
            "count": 0,
            "ttgn": "12:25:40 || chủ nhật",
            "joinTime": "12:25:40 || 2024-11-24"
        },
        {
            "id": "100016683630195",
            "count": 0,
            "ttgn": "12:25:40 || chủ nhật",
            "joinTime": "12:25:40 || 2024-11-24"
        },
        {
            "id": "100082048117324",
            "count": 0,
            "ttgn": "12:25:40 || chủ nhật",
            "joinTime": "12:25:40 || 2024-11-24"
        },
        {
            "id": "100024674978253",
            "count": 0,
            "ttgn": "12:25:40 || chủ nhật",
            "joinTime": "12:25:40 || 2024-11-24"
        },
        {
            "id": "100046616804428",
            "count": 0,
            "ttgn": "12:25:40 || chủ nhật",
            "joinTime": "12:25:40 || 2024-11-24"
        },
        {
            "id": "100028911764506",
            "count": 0,
            "ttgn": "12:25:40 || chủ nhật",
            "joinTime": "12:25:40 || 2024-11-24"
        },
        {
            "id": "100049792550130",
            "count": 0,
            "ttgn": "12:25:40 || chủ nhật",
            "joinTime": "12:25:40 || 2024-11-24"
        },
        {
            "id": "100013347396366",
            "count": 0,
            "ttgn": "12:25:40 || chủ nhật",
            "joinTime": "12:25:40 || 2024-11-24"
        },
        {
            "id": "100044474137308",
            "count": 0,
            "ttgn": "12:25:40 || chủ nhật",
            "joinTime": "12:25:40 || 2024-11-24"
        },
        {
            "id": "100049872048561",
            "count": 0,
            "ttgn": "12:25:40 || chủ nhật",
            "joinTime": "12:25:40 || 2024-11-24"
        },
        {
            "id": "100038143145566",
            "count": 0,
            "ttgn": "12:25:40 || chủ nhật",
            "joinTime": "12:25:40 || 2024-11-24"
        },
        {
            "id": "100077483994781",
            "count": 0,
            "ttgn": "12:25:40 || chủ nhật",
            "joinTime": "12:25:40 || 2024-11-24"
        },
        {
            "id": "100022393433726",
            "count": 0,
            "ttgn": "12:25:40 || chủ nhật",
            "joinTime": "12:25:40 || 2024-11-24"
        },
        {
            "id": "100009668319504",
            "count": 0,
            "ttgn": "12:25:40 || chủ nhật",
            "joinTime": "12:25:40 || 2024-11-24"
        },
        {
            "id": "100025480248324",
            "count": 0,
            "ttgn": "12:25:40 || chủ nhật",
            "joinTime": "12:25:40 || 2024-11-24"
        },
        {
            "id": "100054629453641",
            "count": 0,
            "ttgn": "12:25:40 || chủ nhật",
            "joinTime": "12:25:40 || 2024-11-24"
        },
        {
            "id": "100089246928343",
            "count": 0,
            "ttgn": "12:25:40 || chủ nhật",
            "joinTime": "12:25:40 || 2024-11-24"
        },
        {
            "id": "100051420558212",
            "count": 0,
            "ttgn": "12:25:40 || chủ nhật",
            "joinTime": "12:25:40 || 2024-11-24"
        },
        {
            "id": "100006033725261",
            "count": 0,
            "ttgn": "12:25:40 || chủ nhật",
            "joinTime": "12:25:40 || 2024-11-24"
        },
        {
            "id": "100080883923193",
            "count": 0,
            "ttgn": "12:25:40 || chủ nhật",
            "joinTime": "12:25:40 || 2024-11-24"
        },
        {
            "id": "100029553937903",
            "count": 0,
            "ttgn": "12:25:40 || chủ nhật",
            "joinTime": "12:25:40 || 2024-11-24"
        },
        {
            "id": "100019785027246",
            "count": 0,
            "ttgn": "12:25:40 || chủ nhật",
            "joinTime": "12:25:40 || 2024-11-24"
        },
        {
            "id": "100069921901765",
            "count": 0,
            "ttgn": "12:25:40 || chủ nhật",
            "joinTime": "12:25:40 || 2024-11-24"
        },
        {
            "id": "100087892462460",
            "count": 0,
            "ttgn": "12:25:40 || chủ nhật",
            "joinTime": "12:25:40 || 2024-11-24"
        },
        {
            "id": "100028047617761",
            "count": 0,
            "ttgn": "12:25:40 || chủ nhật",
            "joinTime": "12:25:40 || 2024-11-24"
        },
        {
            "id": "100000549831930",
            "count": 0,
            "ttgn": "12:25:40 || chủ nhật",
            "joinTime": "12:25:40 || 2024-11-24"
        },
        {
            "id": "100027764494403",
            "count": 0,
            "ttgn": "12:25:40 || chủ nhật",
            "joinTime": "12:25:40 || 2024-11-24"
        },
        {
            "id": "100075813795698",
            "count": 0,
            "ttgn": "12:25:40 || chủ nhật",
            "joinTime": "12:25:40 || 2024-11-24"
        },
        {
            "id": "100034979438640",
            "count": 0,
            "ttgn": "12:25:40 || chủ nhật",
            "joinTime": "12:25:40 || 2024-11-24"
        },
        {
            "id": "100084296409706",
            "count": 0,
            "ttgn": "12:25:40 || chủ nhật",
            "joinTime": "12:25:40 || 2024-11-24"
        },
        {
            "id": "100079577807941",
            "count": 0,
            "ttgn": "12:25:40 || chủ nhật",
            "joinTime": "12:25:40 || 2024-11-24"
        },
        {
            "id": "100073875606200",
            "count": 0,
            "ttgn": "12:25:40 || chủ nhật",
            "joinTime": "12:25:40 || 2024-11-24"
        },
        {
            "id": "100023641500923",
            "count": 0,
            "ttgn": "12:25:40 || chủ nhật",
            "joinTime": "12:25:40 || 2024-11-24"
        },
        {
            "id": "100053429381616",
            "count": 0,
            "ttgn": "12:25:40 || chủ nhật",
            "joinTime": "12:25:40 || 2024-11-24"
        },
        {
            "id": "100022363302113",
            "count": 0,
            "ttgn": "12:25:40 || chủ nhật",
            "joinTime": "12:25:40 || 2024-11-24"
        },
        {
            "id": "100088764432640",
            "count": 0,
            "ttgn": "12:25:40 || chủ nhật",
            "joinTime": "12:25:40 || 2024-11-24"
        },
        {
            "id": "100065246676176",
            "count": 0,
            "ttgn": "12:25:40 || chủ nhật",
            "joinTime": "12:25:40 || 2024-11-24"
        },
        {
            "id": "100034472372710",
            "count": 0,
            "ttgn": "12:25:40 || chủ nhật",
            "joinTime": "12:25:40 || 2024-11-24"
        },
        {
            "id": "100030992959391",
            "count": 0,
            "ttgn": "12:25:40 || chủ nhật",
            "joinTime": "12:25:40 || 2024-11-24"
        },
        {
            "id": "100085386549970",
            "count": 0,
            "ttgn": "12:25:40 || chủ nhật",
            "joinTime": "12:25:40 || 2024-11-24"
        },
        {
            "id": "100004713012992",
            "count": 0,
            "ttgn": "12:25:40 || chủ nhật",
            "joinTime": "12:25:40 || 2024-11-24"
        },
        {
            "id": "61564115622563",
            "count": 0,
            "ttgn": "12:25:40 || chủ nhật",
            "joinTime": "12:25:40 || 2024-11-24"
        },
        {
            "id": "100044882437883",
            "count": 0,
            "ttgn": "12:25:40 || chủ nhật",
            "joinTime": "12:25:40 || 2024-11-24"
        },
        {
            "id": "61564726944953",
            "count": 0,
            "ttgn": "12:25:40 || chủ nhật",
            "joinTime": "12:25:40 || 2024-11-24"
        },
        {
            "id": "100035624018845",
            "count": 0,
            "ttgn": "12:25:40 || chủ nhật",
            "joinTime": "12:25:40 || 2024-11-24"
        }
    ],
    "day": [
        {
            "id": "100010868923221",
            "count": 1,
            "ttgn": "12:27:33 || chủ nhật",
            "joinTime": "12:25:40 || 2024-11-24"
        },
        {
            "id": "100037135103587",
            "count": 2,
            "ttgn": "12:54:19 || chủ nhật",
            "joinTime": "12:25:40 || 2024-11-24"
        },
        {
            "id": "100017183027778",
            "count": 0,
            "ttgn": "12:25:40 || chủ nhật",
            "joinTime": "12:25:40 || 2024-11-24"
        },
        {
            "id": "100034698729400",
            "count": 0,
            "ttgn": "12:25:40 || chủ nhật",
            "joinTime": "12:25:40 || 2024-11-24"
        },
        {
            "id": "61553217301882",
            "count": 0,
            "ttgn": "12:25:40 || chủ nhật",
            "joinTime": "12:25:40 || 2024-11-24"
        },
        {
            "id": "100013947272426",
            "count": 0,
            "ttgn": "12:25:40 || chủ nhật",
            "joinTime": "12:25:40 || 2024-11-24"
        },
        {
            "id": "100014937254889",
            "count": 0,
            "ttgn": "12:25:40 || chủ nhật",
            "joinTime": "12:25:40 || 2024-11-24"
        },
        {
            "id": "100037830540202",
            "count": 0,
            "ttgn": "12:25:40 || chủ nhật",
            "joinTime": "12:25:40 || 2024-11-24"
        },
        {
            "id": "100035175516905",
            "count": 0,
            "ttgn": "12:25:40 || chủ nhật",
            "joinTime": "12:25:40 || 2024-11-24"
        },
        {
            "id": "100031988768972",
            "count": 2,
            "ttgn": "12:54:14 || chủ nhật",
            "joinTime": "12:25:40 || 2024-11-24"
        },
        {
            "id": "100013289674151",
            "count": 0,
            "ttgn": "12:25:40 || chủ nhật",
            "joinTime": "12:25:40 || 2024-11-24"
        },
        {
            "id": "100066758441778",
            "count": 0,
            "ttgn": "12:25:40 || chủ nhật",
            "joinTime": "12:25:40 || 2024-11-24"
        },
        {
            "id": "100008719621621",
            "count": 0,
            "ttgn": "12:25:40 || chủ nhật",
            "joinTime": "12:25:40 || 2024-11-24"
        },
        {
            "id": "100094221536365",
            "count": 0,
            "ttgn": "12:25:40 || chủ nhật",
            "joinTime": "12:25:40 || 2024-11-24"
        },
        {
            "id": "100076064526248",
            "count": 0,
            "ttgn": "12:25:40 || chủ nhật",
            "joinTime": "12:25:40 || 2024-11-24"
        },
        {
            "id": "61554932764872",
            "count": 0,
            "ttgn": "12:25:40 || chủ nhật",
            "joinTime": "12:25:40 || 2024-11-24"
        },
        {
            "id": "100029338831119",
            "count": 0,
            "ttgn": "12:25:40 || chủ nhật",
            "joinTime": "12:25:40 || 2024-11-24"
        },
        {
            "id": "100011015640838",
            "count": 0,
            "ttgn": "12:25:40 || chủ nhật",
            "joinTime": "12:25:40 || 2024-11-24"
        },
        {
            "id": "100041789204711",
            "count": 0,
            "ttgn": "12:25:40 || chủ nhật",
            "joinTime": "12:25:40 || 2024-11-24"
        },
        {
            "id": "100042588729692",
            "count": 0,
            "ttgn": "12:25:40 || chủ nhật",
            "joinTime": "12:25:40 || 2024-11-24"
        },
        {
            "id": "100058881707370",
            "count": 0,
            "ttgn": "12:25:40 || chủ nhật",
            "joinTime": "12:25:40 || 2024-11-24"
        },
        {
            "id": "100002102951620",
            "count": 0,
            "ttgn": "12:25:40 || chủ nhật",
            "joinTime": "12:25:40 || 2024-11-24"
        },
        {
            "id": "100052134489760",
            "count": 0,
            "ttgn": "12:25:40 || chủ nhật",
            "joinTime": "12:25:40 || 2024-11-24"
        },
        {
            "id": "100065064571744",
            "count": 0,
            "ttgn": "12:25:40 || chủ nhật",
            "joinTime": "12:25:40 || 2024-11-24"
        },
        {
            "id": "100089126538021",
            "count": 0,
            "ttgn": "12:25:40 || chủ nhật",
            "joinTime": "12:25:40 || 2024-11-24"
        },
        {
            "id": "100016189420776",
            "count": 0,
            "ttgn": "12:25:40 || chủ nhật",
            "joinTime": "12:25:40 || 2024-11-24"
        },
        {
            "id": "100009563721098",
            "count": 0,
            "ttgn": "12:25:40 || chủ nhật",
            "joinTime": "12:25:40 || 2024-11-24"
        },
        {
            "id": "100015236978992",
            "count": 0,
            "ttgn": "12:25:40 || chủ nhật",
            "joinTime": "12:25:40 || 2024-11-24"
        },
        {
            "id": "100003137087385",
            "count": 4,
            "ttgn": "12:36:42 || chủ nhật",
            "joinTime": "12:25:40 || 2024-11-24"
        },
        {
            "id": "100053094052786",
            "count": 0,
            "ttgn": "12:25:40 || chủ nhật",
            "joinTime": "12:25:40 || 2024-11-24"
        },
        {
            "id": "100078176709207",
            "count": 0,
            "ttgn": "12:25:40 || chủ nhật",
            "joinTime": "12:25:40 || 2024-11-24"
        },
        {
            "id": "100029419606451",
            "count": 0,
            "ttgn": "12:25:40 || chủ nhật",
            "joinTime": "12:25:40 || 2024-11-24"
        },
        {
            "id": "100084933757424",
            "count": 0,
            "ttgn": "12:25:40 || chủ nhật",
            "joinTime": "12:25:40 || 2024-11-24"
        },
        {
            "id": "100090394911365",
            "count": 0,
            "ttgn": "12:25:40 || chủ nhật",
            "joinTime": "12:25:40 || 2024-11-24"
        },
        {
            "id": "100007549217094",
            "count": 0,
            "ttgn": "12:25:40 || chủ nhật",
            "joinTime": "12:25:40 || 2024-11-24"
        },
        {
            "id": "100017385728950",
            "count": 0,
            "ttgn": "12:25:40 || chủ nhật",
            "joinTime": "12:25:40 || 2024-11-24"
        },
        {
            "id": "100083369258064",
            "count": 0,
            "ttgn": "12:25:40 || chủ nhật",
            "joinTime": "12:25:40 || 2024-11-24"
        },
        {
            "id": "100041908373928",
            "count": 0,
            "ttgn": "12:25:40 || chủ nhật",
            "joinTime": "12:25:40 || 2024-11-24"
        },
        {
            "id": "100069033084582",
            "count": 0,
            "ttgn": "12:25:40 || chủ nhật",
            "joinTime": "12:25:40 || 2024-11-24"
        },
        {
            "id": "100030051787471",
            "count": 0,
            "ttgn": "12:25:40 || chủ nhật",
            "joinTime": "12:25:40 || 2024-11-24"
        },
        {
            "id": "100064768533290",
            "count": 0,
            "ttgn": "12:25:40 || chủ nhật",
            "joinTime": "12:25:40 || 2024-11-24"
        },
        {
            "id": "100015377551552",
            "count": 0,
            "ttgn": "12:25:40 || chủ nhật",
            "joinTime": "12:25:40 || 2024-11-24"
        },
        {
            "id": "100009557871759",
            "count": 0,
            "ttgn": "12:25:40 || chủ nhật",
            "joinTime": "12:25:40 || 2024-11-24"
        },
        {
            "id": "100073918684382",
            "count": 0,
            "ttgn": "12:25:40 || chủ nhật",
            "joinTime": "12:25:40 || 2024-11-24"
        },
        {
            "id": "100088336131594",
            "count": 0,
            "ttgn": "12:25:40 || chủ nhật",
            "joinTime": "12:25:40 || 2024-11-24"
        },
        {
            "id": "100012954368182",
            "count": 0,
            "ttgn": "12:25:40 || chủ nhật",
            "joinTime": "12:25:40 || 2024-11-24"
        },
        {
            "id": "61551552578965",
            "count": 0,
            "ttgn": "12:25:40 || chủ nhật",
            "joinTime": "12:25:40 || 2024-11-24"
        },
        {
            "id": "100086714505770",
            "count": 0,
            "ttgn": "12:25:40 || chủ nhật",
            "joinTime": "12:25:40 || 2024-11-24"
        },
        {
            "id": "100076001591721",
            "count": 0,
            "ttgn": "12:25:40 || chủ nhật",
            "joinTime": "12:25:40 || 2024-11-24"
        },
        {
            "id": "100016683630195",
            "count": 0,
            "ttgn": "12:25:40 || chủ nhật",
            "joinTime": "12:25:40 || 2024-11-24"
        },
        {
            "id": "100082048117324",
            "count": 0,
            "ttgn": "12:25:40 || chủ nhật",
            "joinTime": "12:25:40 || 2024-11-24"
        },
        {
            "id": "100024674978253",
            "count": 0,
            "ttgn": "12:25:40 || chủ nhật",
            "joinTime": "12:25:40 || 2024-11-24"
        },
        {
            "id": "100046616804428",
            "count": 0,
            "ttgn": "12:25:40 || chủ nhật",
            "joinTime": "12:25:40 || 2024-11-24"
        },
        {
            "id": "100028911764506",
            "count": 0,
            "ttgn": "12:25:40 || chủ nhật",
            "joinTime": "12:25:40 || 2024-11-24"
        },
        {
            "id": "100049792550130",
            "count": 0,
            "ttgn": "12:25:40 || chủ nhật",
            "joinTime": "12:25:40 || 2024-11-24"
        },
        {
            "id": "100013347396366",
            "count": 0,
            "ttgn": "12:25:40 || chủ nhật",
            "joinTime": "12:25:40 || 2024-11-24"
        },
        {
            "id": "100044474137308",
            "count": 0,
            "ttgn": "12:25:40 || chủ nhật",
            "joinTime": "12:25:40 || 2024-11-24"
        },
        {
            "id": "100049872048561",
            "count": 0,
            "ttgn": "12:25:40 || chủ nhật",
            "joinTime": "12:25:40 || 2024-11-24"
        },
        {
            "id": "100038143145566",
            "count": 0,
            "ttgn": "12:25:40 || chủ nhật",
            "joinTime": "12:25:40 || 2024-11-24"
        },
        {
            "id": "100077483994781",
            "count": 0,
            "ttgn": "12:25:40 || chủ nhật",
            "joinTime": "12:25:40 || 2024-11-24"
        },
        {
            "id": "100022393433726",
            "count": 0,
            "ttgn": "12:25:40 || chủ nhật",
            "joinTime": "12:25:40 || 2024-11-24"
        },
        {
            "id": "100009668319504",
            "count": 0,
            "ttgn": "12:25:40 || chủ nhật",
            "joinTime": "12:25:40 || 2024-11-24"
        },
        {
            "id": "100025480248324",
            "count": 0,
            "ttgn": "12:25:40 || chủ nhật",
            "joinTime": "12:25:40 || 2024-11-24"
        },
        {
            "id": "100054629453641",
            "count": 0,
            "ttgn": "12:25:40 || chủ nhật",
            "joinTime": "12:25:40 || 2024-11-24"
        },
        {
            "id": "100089246928343",
            "count": 0,
            "ttgn": "12:25:40 || chủ nhật",
            "joinTime": "12:25:40 || 2024-11-24"
        },
        {
            "id": "100051420558212",
            "count": 0,
            "ttgn": "12:25:40 || chủ nhật",
            "joinTime": "12:25:40 || 2024-11-24"
        },
        {
            "id": "100006033725261",
            "count": 0,
            "ttgn": "12:25:40 || chủ nhật",
            "joinTime": "12:25:40 || 2024-11-24"
        },
        {
            "id": "100080883923193",
            "count": 0,
            "ttgn": "12:25:40 || chủ nhật",
            "joinTime": "12:25:40 || 2024-11-24"
        },
        {
            "id": "100029553937903",
            "count": 0,
            "ttgn": "12:25:40 || chủ nhật",
            "joinTime": "12:25:40 || 2024-11-24"
        },
        {
            "id": "100019785027246",
            "count": 0,
            "ttgn": "12:25:40 || chủ nhật",
            "joinTime": "12:25:40 || 2024-11-24"
        },
        {
            "id": "100069921901765",
            "count": 0,
            "ttgn": "12:25:40 || chủ nhật",
            "joinTime": "12:25:40 || 2024-11-24"
        },
        {
            "id": "100087892462460",
            "count": 0,
            "ttgn": "12:25:40 || chủ nhật",
            "joinTime": "12:25:40 || 2024-11-24"
        },
        {
            "id": "100028047617761",
            "count": 0,
            "ttgn": "12:25:40 || chủ nhật",
            "joinTime": "12:25:40 || 2024-11-24"
        },
        {
            "id": "100000549831930",
            "count": 0,
            "ttgn": "12:25:40 || chủ nhật",
            "joinTime": "12:25:40 || 2024-11-24"
        },
        {
            "id": "100027764494403",
            "count": 0,
            "ttgn": "12:25:40 || chủ nhật",
            "joinTime": "12:25:40 || 2024-11-24"
        },
        {
            "id": "100075813795698",
            "count": 0,
            "ttgn": "12:25:40 || chủ nhật",
            "joinTime": "12:25:40 || 2024-11-24"
        },
        {
            "id": "100034979438640",
            "count": 0,
            "ttgn": "12:25:40 || chủ nhật",
            "joinTime": "12:25:40 || 2024-11-24"
        },
        {
            "id": "100084296409706",
            "count": 0,
            "ttgn": "12:25:40 || chủ nhật",
            "joinTime": "12:25:40 || 2024-11-24"
        },
        {
            "id": "100079577807941",
            "count": 0,
            "ttgn": "12:25:40 || chủ nhật",
            "joinTime": "12:25:40 || 2024-11-24"
        },
        {
            "id": "100073875606200",
            "count": 0,
            "ttgn": "12:25:40 || chủ nhật",
            "joinTime": "12:25:40 || 2024-11-24"
        },
        {
            "id": "100023641500923",
            "count": 0,
            "ttgn": "12:25:40 || chủ nhật",
            "joinTime": "12:25:40 || 2024-11-24"
        },
        {
            "id": "100053429381616",
            "count": 0,
            "ttgn": "12:25:40 || chủ nhật",
            "joinTime": "12:25:40 || 2024-11-24"
        },
        {
            "id": "100022363302113",
            "count": 0,
            "ttgn": "12:25:40 || chủ nhật",
            "joinTime": "12:25:40 || 2024-11-24"
        },
        {
            "id": "100088764432640",
            "count": 0,
            "ttgn": "12:25:40 || chủ nhật",
            "joinTime": "12:25:40 || 2024-11-24"
        },
        {
            "id": "100065246676176",
            "count": 0,
            "ttgn": "12:25:40 || chủ nhật",
            "joinTime": "12:25:40 || 2024-11-24"
        },
        {
            "id": "100034472372710",
            "count": 0,
            "ttgn": "12:25:40 || chủ nhật",
            "joinTime": "12:25:40 || 2024-11-24"
        },
        {
            "id": "100030992959391",
            "count": 0,
            "ttgn": "12:25:40 || chủ nhật",
            "joinTime": "12:25:40 || 2024-11-24"
        },
        {
            "id": "100085386549970",
            "count": 0,
            "ttgn": "12:25:40 || chủ nhật",
            "joinTime": "12:25:40 || 2024-11-24"
        },
        {
            "id": "100004713012992",
            "count": 0,
            "ttgn": "12:25:40 || chủ nhật",
            "joinTime": "12:25:40 || 2024-11-24"
        },
        {
            "id": "61564115622563",
            "count": 0,
            "ttgn": "12:25:40 || chủ nhật",
            "joinTime": "12:25:40 || 2024-11-24"
        },
        {
            "id": "100044882437883",
            "count": 0,
            "ttgn": "12:25:40 || chủ nhật",
            "joinTime": "12:25:40 || 2024-11-24"
        },
        {
            "id": "61564726944953",
            "count": 0,
            "ttgn": "12:25:40 || chủ nhật",
            "joinTime": "12:25:40 || 2024-11-24"
        },
        {
            "id": "100035624018845",
            "count": 0,
            "ttgn": "12:25:40 || chủ nhật",
            "joinTime": "12:25:40 || 2024-11-24"
        }
    ]
}