{
    "Time": "18:50:09 || 2024-11-23",
    "total": [
        {
            "id": "537846897",
            "count": 66,
            "ttgn": "16:31:35 || chủ nhật",
            "joinTime": "18:50:09 || 2024-11-23"
        },
        {
            "id": "503845790",
            "count": 0,
            "ttgn": "18:50:09 || thứ bảy",
            "joinTime": "18:50:09 || 2024-11-23"
        },
        {
            "id": "100002409940156",
            "count": 0,
            "ttgn": "18:50:09 || thứ bảy",
            "joinTime": "18:50:09 || 2024-11-23"
        },
        {
            "id": "509484270",
            "count": 124,
            "ttgn": "16:43:17 || chủ nhật",
            "joinTime": "18:50:09 || 2024-11-23"
        },
        {
            "id": "1551310958",
            "count": 0,
            "ttgn": "18:50:09 || thứ bảy",
            "joinTime": "18:50:09 || 2024-11-23"
        },
        {
            "id": "100086534678860",
            "count": 0,
            "ttgn": "18:50:09 || thứ bảy",
            "joinTime": "18:50:09 || 2024-11-23"
        },
        {
            "id": "100091715182610",
            "count": 0,
            "ttgn": "18:50:09 || thứ bảy",
            "joinTime": "18:50:09 || 2024-11-23"
        },
        {
            "id": "61562537153150",
            "count": 0,
            "ttgn": "18:50:09 || thứ bảy",
            "joinTime": "18:50:09 || 2024-11-23"
        },
        {
            "id": "61561807634867",
            "count": 0,
            "ttgn": "18:50:09 || thứ bảy",
            "joinTime": "18:50:09 || 2024-11-23"
        },
        {
            "id": "100065045190324",
            "count": 0,
            "ttgn": "18:50:09 || thứ bảy",
            "joinTime": "18:50:09 || 2024-11-23"
        },
        {
            "id": "100035421814099",
            "count": 24,
            "ttgn": "16:36:37 || chủ nhật",
            "joinTime": "18:50:09 || 2024-11-23"
        },
        {
            "id": "100000493975005",
            "count": 4,
            "ttgn": "10:53:46 || chủ nhật",
            "joinTime": "18:50:09 || 2024-11-23"
        },
        {
            "id": "61550972895849",
            "count": 0,
            "ttgn": "18:50:09 || thứ bảy",
            "joinTime": "18:50:09 || 2024-11-23"
        },
        {
            "id": "1824557330",
            "count": 0,
            "ttgn": "18:50:09 || thứ bảy",
            "joinTime": "18:50:09 || 2024-11-23"
        },
        {
            "id": "100043044991011",
            "count": 3,
            "ttgn": "20:36:54 || thứ hai",
            "joinTime": "18:50:09 || 2024-11-23"
        },
        {
            "id": "1547602811",
            "count": 0,
            "ttgn": "18:50:09 || thứ bảy",
            "joinTime": "18:50:09 || 2024-11-23"
        },
        {
            "id": "61561895652856",
            "count": 0,
            "ttgn": "18:50:09 || thứ bảy",
            "joinTime": "18:50:09 || 2024-11-23"
        },
        {
            "id": "100037218437125",
            "count": 0,
            "ttgn": "18:50:09 || thứ bảy",
            "joinTime": "18:50:09 || 2024-11-23"
        },
        {
            "id": "61551738297561",
            "count": 0,
            "ttgn": "18:50:09 || thứ bảy",
            "joinTime": "18:50:09 || 2024-11-23"
        },
        {
            "id": "61562102165002",
            "count": 0,
            "ttgn": "18:50:09 || thứ bảy",
            "joinTime": "18:50:09 || 2024-11-23"
        },
        {
            "id": "100000542968113",
            "count": 0,
            "ttgn": "18:50:09 || thứ bảy",
            "joinTime": "18:50:09 || 2024-11-23"
        },
        {
            "id": "100090775216078",
            "count": 0,
            "ttgn": "18:50:09 || thứ bảy",
            "joinTime": "18:50:09 || 2024-11-23"
        },
        {
            "id": "61560372308659",
            "count": 0,
            "ttgn": "18:50:09 || thứ bảy",
            "joinTime": "18:50:09 || 2024-11-23"
        },
        {
            "id": "61562781990191",
            "count": 0,
            "ttgn": "18:50:09 || thứ bảy",
            "joinTime": "18:50:09 || 2024-11-23"
        },
        {
            "id": "61562417477353",
            "count": 0,
            "ttgn": "18:50:09 || thứ bảy",
            "joinTime": "18:50:09 || 2024-11-23"
        },
        {
            "id": "100011196246311",
            "count": 0,
            "ttgn": "18:50:09 || thứ bảy",
            "joinTime": "18:50:09 || 2024-11-23"
        },
        {
            "id": "61563474201516",
            "count": 0,
            "ttgn": "18:50:09 || thứ bảy",
            "joinTime": "18:50:09 || 2024-11-23"
        },
        {
            "id": "100024871212620",
            "count": 0,
            "ttgn": "18:50:09 || thứ bảy",
            "joinTime": "18:50:09 || 2024-11-23"
        },
        {
            "id": "61560838090296",
            "count": 0,
            "ttgn": "18:50:09 || thứ bảy",
            "joinTime": "18:50:09 || 2024-11-23"
        },
        {
            "id": "100077834568705",
            "count": 0,
            "ttgn": "18:50:09 || thứ bảy",
            "joinTime": "18:50:09 || 2024-11-23"
        },
        {
            "id": "61562557302633",
            "count": 0,
            "ttgn": "18:50:09 || thứ bảy",
            "joinTime": "18:50:09 || 2024-11-23"
        },
        {
            "id": "100085130240990",
            "count": 0,
            "ttgn": "18:50:09 || thứ bảy",
            "joinTime": "18:50:09 || 2024-11-23"
        },
        {
            "id": "100092535387940",
            "count": 0,
            "ttgn": "18:50:09 || thứ bảy",
            "joinTime": "18:50:09 || 2024-11-23"
        },
        {
            "id": "100070906366737",
            "count": 0,
            "ttgn": "18:50:09 || thứ bảy",
            "joinTime": "18:50:09 || 2024-11-23"
        },
        {
            "id": "100063600331393",
            "count": 2,
            "ttgn": "19:58:03 || thứ hai",
            "joinTime": "18:50:09 || 2024-11-23"
        },
        {
            "id": "100036283453277",
            "count": 72,
            "ttgn": "16:32:11 || chủ nhật",
            "joinTime": "18:50:09 || 2024-11-23"
        },
        {
            "id": "100016757713599",
            "count": 0,
            "ttgn": "18:50:09 || thứ bảy",
            "joinTime": "18:50:09 || 2024-11-23"
        },
        {
            "id": "100069864945865",
            "count": 0,
            "ttgn": "18:50:09 || thứ bảy",
            "joinTime": "18:50:09 || 2024-11-23"
        },
        {
            "id": "100073771381593",
            "count": 0,
            "ttgn": "18:50:09 || thứ bảy",
            "joinTime": "18:50:09 || 2024-11-23"
        },
        {
            "id": "100082897621667",
            "count": 5,
            "ttgn": "16:36:46 || chủ nhật",
            "joinTime": "18:50:09 || 2024-11-23"
        },
        {
            "id": "100095471730523",
            "count": 0,
            "ttgn": "18:50:09 || thứ bảy",
            "joinTime": "18:50:09 || 2024-11-23"
        },
        {
            "id": "100009713618289",
            "count": 0,
            "ttgn": "18:50:09 || thứ bảy",
            "joinTime": "18:50:09 || 2024-11-23"
        },
        {
            "id": "100078067479751",
            "count": 0,
            "ttgn": "18:50:09 || thứ bảy",
            "joinTime": "18:50:09 || 2024-11-23"
        },
        {
            "id": "100059637681768",
            "count": 0,
            "ttgn": "18:50:09 || thứ bảy",
            "joinTime": "18:50:09 || 2024-11-23"
        },
        {
            "id": "100001599530779",
            "count": 0,
            "ttgn": "18:50:09 || thứ bảy",
            "joinTime": "18:50:09 || 2024-11-23"
        },
        {
            "id": "100051277189546",
            "count": 21,
            "ttgn": "19:55:41 || thứ hai",
            "joinTime": "18:50:09 || 2024-11-23"
        },
        {
            "id": "61559815301855",
            "count": 6,
            "ttgn": "18:51:20 || thứ bảy",
            "joinTime": "18:50:09 || 2024-11-23"
        },
        {
            "id": "1429451704",
            "count": 0,
            "ttgn": "18:50:09 || thứ bảy",
            "joinTime": "18:50:09 || 2024-11-23"
        },
        {
            "id": "61564980540947",
            "count": 2,
            "ttgn": "18:51:50 || thứ bảy",
            "joinTime": "18:50:09 || 2024-11-23"
        },
        {
            "id": "61563830666547",
            "count": 0,
            "ttgn": "18:50:09 || thứ bảy",
            "joinTime": "18:50:09 || 2024-11-23"
        },
        {
            "id": "100078930363394",
            "count": 144,
            "ttgn": "16:43:19 || chủ nhật",
            "joinTime": "09:59:59 || 2024-11-24"
        },
        {
            "id": "61568576434188",
            "count": 0,
            "ttgn": "09:59:59 || chủ nhật",
            "joinTime": "09:59:59 || 2024-11-24"
        },
        {
            "id": "100033561261988",
            "count": 4,
            "ttgn": "12:00:00 || chủ nhật",
            "joinTime": "21:45:41 || 2024-12-15"
        },
        {
            "id": "61570277902633",
            "count": 0,
            "ttgn": "21:45:41 || chủ nhật",
            "joinTime": "21:45:41 || 2024-12-15"
        },
        {
            "id": "61570260981525",
            "count": 0,
            "ttgn": "21:45:41 || chủ nhật",
            "joinTime": "21:45:41 || 2024-12-15"
        },
        {
            "id": "61570130111206",
            "count": 0,
            "ttgn": "21:45:41 || chủ nhật",
            "joinTime": "21:45:41 || 2024-12-15"
        },
        {
            "id": "61553134410458",
            "count": 0,
            "ttgn": "21:48:54 || thứ hai",
            "joinTime": "21:48:54 || 2024-12-16"
        },
        {
            "id": "61570843531332",
            "count": 1,
            "ttgn": "00:01:39 || chủ nhật",
            "joinTime": "22:19:51 || 2024-12-28"
        },
        {
            "id": "61566025335049",
            "count": 0,
            "ttgn": "22:19:51 || thứ bảy",
            "joinTime": "22:19:51 || 2024-12-28"
        },
        {
            "id": "100008187645594",
            "count": 0,
            "ttgn": "22:19:51 || thứ bảy",
            "joinTime": "22:19:51 || 2024-12-28"
        },
        {
            "id": "61571143413666",
            "count": 9,
            "ttgn": "18:00:01 || chủ nhật",
            "joinTime": "12:30:14 || 2024-12-29"
        },
        {
            "id": "61571263191933",
            "count": 0,
            "ttgn": "18:32:01 || thứ năm",
            "joinTime": "18:32:01 || 2025-01-09"
        },
        {
            "id": "100092492468539",
            "count": 0,
            "ttgn": "18:32:01 || thứ năm",
            "joinTime": "18:32:01 || 2025-01-09"
        },
        {
            "id": "61571579068680",
            "count": 0,
            "ttgn": "18:32:01 || thứ sáu",
            "joinTime": "18:32:01 || 2025-01-10"
        },
        {
            "id": "61571689568701",
            "count": 0,
            "ttgn": "15:57:15 || chủ nhật",
            "joinTime": "15:57:15 || 2025-01-19"
        }
    ],
    "week": [
        {
            "id": "537846897",
            "count": 66,
            "ttgn": "16:31:35 || chủ nhật",
            "joinTime": "18:50:09 || 2024-11-23"
        },
        {
            "id": "503845790",
            "count": 0,
            "ttgn": "18:50:09 || thứ bảy",
            "joinTime": "18:50:09 || 2024-11-23"
        },
        {
            "id": "100002409940156",
            "count": 0,
            "ttgn": "18:50:09 || thứ bảy",
            "joinTime": "18:50:09 || 2024-11-23"
        },
        {
            "id": "509484270",
            "count": 124,
            "ttgn": "16:43:17 || chủ nhật",
            "joinTime": "18:50:09 || 2024-11-23"
        },
        {
            "id": "1551310958",
            "count": 0,
            "ttgn": "18:50:09 || thứ bảy",
            "joinTime": "18:50:09 || 2024-11-23"
        },
        {
            "id": "100086534678860",
            "count": 0,
            "ttgn": "18:50:09 || thứ bảy",
            "joinTime": "18:50:09 || 2024-11-23"
        },
        {
            "id": "100091715182610",
            "count": 0,
            "ttgn": "18:50:09 || thứ bảy",
            "joinTime": "18:50:09 || 2024-11-23"
        },
        {
            "id": "61562537153150",
            "count": 0,
            "ttgn": "18:50:09 || thứ bảy",
            "joinTime": "18:50:09 || 2024-11-23"
        },
        {
            "id": "61561807634867",
            "count": 0,
            "ttgn": "18:50:09 || thứ bảy",
            "joinTime": "18:50:09 || 2024-11-23"
        },
        {
            "id": "100065045190324",
            "count": 0,
            "ttgn": "18:50:09 || thứ bảy",
            "joinTime": "18:50:09 || 2024-11-23"
        },
        {
            "id": "100035421814099",
            "count": 24,
            "ttgn": "16:36:37 || chủ nhật",
            "joinTime": "18:50:09 || 2024-11-23"
        },
        {
            "id": "100000493975005",
            "count": 4,
            "ttgn": "10:53:46 || chủ nhật",
            "joinTime": "18:50:09 || 2024-11-23"
        },
        {
            "id": "61550972895849",
            "count": 0,
            "ttgn": "18:50:09 || thứ bảy",
            "joinTime": "18:50:09 || 2024-11-23"
        },
        {
            "id": "1824557330",
            "count": 0,
            "ttgn": "18:50:09 || thứ bảy",
            "joinTime": "18:50:09 || 2024-11-23"
        },
        {
            "id": "100043044991011",
            "count": 3,
            "ttgn": "20:36:54 || thứ hai",
            "joinTime": "18:50:09 || 2024-11-23"
        },
        {
            "id": "1547602811",
            "count": 0,
            "ttgn": "18:50:09 || thứ bảy",
            "joinTime": "18:50:09 || 2024-11-23"
        },
        {
            "id": "61561895652856",
            "count": 0,
            "ttgn": "18:50:09 || thứ bảy",
            "joinTime": "18:50:09 || 2024-11-23"
        },
        {
            "id": "100037218437125",
            "count": 0,
            "ttgn": "18:50:09 || thứ bảy",
            "joinTime": "18:50:09 || 2024-11-23"
        },
        {
            "id": "61551738297561",
            "count": 0,
            "ttgn": "18:50:09 || thứ bảy",
            "joinTime": "18:50:09 || 2024-11-23"
        },
        {
            "id": "61562102165002",
            "count": 0,
            "ttgn": "18:50:09 || thứ bảy",
            "joinTime": "18:50:09 || 2024-11-23"
        },
        {
            "id": "100000542968113",
            "count": 0,
            "ttgn": "18:50:09 || thứ bảy",
            "joinTime": "18:50:09 || 2024-11-23"
        },
        {
            "id": "100090775216078",
            "count": 0,
            "ttgn": "18:50:09 || thứ bảy",
            "joinTime": "18:50:09 || 2024-11-23"
        },
        {
            "id": "61560372308659",
            "count": 0,
            "ttgn": "18:50:09 || thứ bảy",
            "joinTime": "18:50:09 || 2024-11-23"
        },
        {
            "id": "61562781990191",
            "count": 0,
            "ttgn": "18:50:09 || thứ bảy",
            "joinTime": "18:50:09 || 2024-11-23"
        },
        {
            "id": "61562417477353",
            "count": 0,
            "ttgn": "18:50:09 || thứ bảy",
            "joinTime": "18:50:09 || 2024-11-23"
        },
        {
            "id": "100011196246311",
            "count": 0,
            "ttgn": "18:50:09 || thứ bảy",
            "joinTime": "18:50:09 || 2024-11-23"
        },
        {
            "id": "61563474201516",
            "count": 0,
            "ttgn": "18:50:09 || thứ bảy",
            "joinTime": "18:50:09 || 2024-11-23"
        },
        {
            "id": "100024871212620",
            "count": 0,
            "ttgn": "18:50:09 || thứ bảy",
            "joinTime": "18:50:09 || 2024-11-23"
        },
        {
            "id": "61560838090296",
            "count": 0,
            "ttgn": "18:50:09 || thứ bảy",
            "joinTime": "18:50:09 || 2024-11-23"
        },
        {
            "id": "100077834568705",
            "count": 0,
            "ttgn": "18:50:09 || thứ bảy",
            "joinTime": "18:50:09 || 2024-11-23"
        },
        {
            "id": "61562557302633",
            "count": 0,
            "ttgn": "18:50:09 || thứ bảy",
            "joinTime": "18:50:09 || 2024-11-23"
        },
        {
            "id": "100085130240990",
            "count": 0,
            "ttgn": "18:50:09 || thứ bảy",
            "joinTime": "18:50:09 || 2024-11-23"
        },
        {
            "id": "100092535387940",
            "count": 0,
            "ttgn": "18:50:09 || thứ bảy",
            "joinTime": "18:50:09 || 2024-11-23"
        },
        {
            "id": "100070906366737",
            "count": 0,
            "ttgn": "18:50:09 || thứ bảy",
            "joinTime": "18:50:09 || 2024-11-23"
        },
        {
            "id": "100063600331393",
            "count": 2,
            "ttgn": "19:58:03 || thứ hai",
            "joinTime": "18:50:09 || 2024-11-23"
        },
        {
            "id": "100036283453277",
            "count": 72,
            "ttgn": "16:32:11 || chủ nhật",
            "joinTime": "18:50:09 || 2024-11-23"
        },
        {
            "id": "100016757713599",
            "count": 0,
            "ttgn": "18:50:09 || thứ bảy",
            "joinTime": "18:50:09 || 2024-11-23"
        },
        {
            "id": "100069864945865",
            "count": 0,
            "ttgn": "18:50:09 || thứ bảy",
            "joinTime": "18:50:09 || 2024-11-23"
        },
        {
            "id": "100073771381593",
            "count": 0,
            "ttgn": "18:50:09 || thứ bảy",
            "joinTime": "18:50:09 || 2024-11-23"
        },
        {
            "id": "100082897621667",
            "count": 5,
            "ttgn": "16:36:46 || chủ nhật",
            "joinTime": "18:50:09 || 2024-11-23"
        },
        {
            "id": "100095471730523",
            "count": 0,
            "ttgn": "18:50:09 || thứ bảy",
            "joinTime": "18:50:09 || 2024-11-23"
        },
        {
            "id": "100009713618289",
            "count": 0,
            "ttgn": "18:50:09 || thứ bảy",
            "joinTime": "18:50:09 || 2024-11-23"
        },
        {
            "id": "100078067479751",
            "count": 0,
            "ttgn": "18:50:09 || thứ bảy",
            "joinTime": "18:50:09 || 2024-11-23"
        },
        {
            "id": "100059637681768",
            "count": 0,
            "ttgn": "18:50:09 || thứ bảy",
            "joinTime": "18:50:09 || 2024-11-23"
        },
        {
            "id": "100001599530779",
            "count": 0,
            "ttgn": "18:50:09 || thứ bảy",
            "joinTime": "18:50:09 || 2024-11-23"
        },
        {
            "id": "100051277189546",
            "count": 21,
            "ttgn": "19:55:41 || thứ hai",
            "joinTime": "18:50:09 || 2024-11-23"
        },
        {
            "id": "61559815301855",
            "count": 6,
            "ttgn": "18:51:20 || thứ bảy",
            "joinTime": "18:50:09 || 2024-11-23"
        },
        {
            "id": "1429451704",
            "count": 0,
            "ttgn": "18:50:09 || thứ bảy",
            "joinTime": "18:50:09 || 2024-11-23"
        },
        {
            "id": "61564980540947",
            "count": 2,
            "ttgn": "18:51:50 || thứ bảy",
            "joinTime": "18:50:09 || 2024-11-23"
        },
        {
            "id": "61563830666547",
            "count": 0,
            "ttgn": "18:50:09 || thứ bảy",
            "joinTime": "18:50:09 || 2024-11-23"
        },
        {
            "id": "100078930363394",
            "count": 144,
            "ttgn": "16:43:19 || chủ nhật",
            "joinTime": "09:59:59 || 2024-11-24"
        },
        {
            "id": "61568576434188",
            "count": 0,
            "ttgn": "09:59:59 || chủ nhật",
            "joinTime": "09:59:59 || 2024-11-24"
        },
        {
            "id": "100033561261988",
            "count": 4,
            "ttgn": "12:00:00 || chủ nhật",
            "joinTime": "21:45:41 || 2024-12-15"
        },
        {
            "id": "61570277902633",
            "count": 0,
            "ttgn": "21:45:41 || chủ nhật",
            "joinTime": "21:45:41 || 2024-12-15"
        },
        {
            "id": "61570260981525",
            "count": 0,
            "ttgn": "21:45:41 || chủ nhật",
            "joinTime": "21:45:41 || 2024-12-15"
        },
        {
            "id": "61570130111206",
            "count": 0,
            "ttgn": "21:45:41 || chủ nhật",
            "joinTime": "21:45:41 || 2024-12-15"
        },
        {
            "id": "61553134410458",
            "count": 0,
            "ttgn": "21:48:54 || thứ hai",
            "joinTime": "21:48:54 || 2024-12-16"
        },
        {
            "id": "61570843531332",
            "count": 1,
            "ttgn": "00:01:39 || chủ nhật",
            "joinTime": "22:19:51 || 2024-12-28"
        },
        {
            "id": "61566025335049",
            "count": 0,
            "ttgn": "22:19:51 || thứ bảy",
            "joinTime": "22:19:51 || 2024-12-28"
        },
        {
            "id": "100008187645594",
            "count": 0,
            "ttgn": "22:19:51 || thứ bảy",
            "joinTime": "22:19:51 || 2024-12-28"
        },
        {
            "id": "61571143413666",
            "count": 9,
            "ttgn": "18:00:01 || chủ nhật",
            "joinTime": "12:30:14 || 2024-12-29"
        },
        {
            "id": "61571263191933",
            "count": 0,
            "ttgn": "18:32:01 || thứ năm",
            "joinTime": "18:32:01 || 2025-01-09"
        },
        {
            "id": "100092492468539",
            "count": 0,
            "ttgn": "18:32:01 || thứ năm",
            "joinTime": "18:32:01 || 2025-01-09"
        },
        {
            "id": "61571579068680",
            "count": 0,
            "ttgn": "18:32:01 || thứ sáu",
            "joinTime": "18:32:01 || 2025-01-10"
        },
        {
            "id": "61571689568701",
            "count": 0,
            "ttgn": "15:57:15 || chủ nhật",
            "joinTime": "15:57:15 || 2025-01-19"
        }
    ],
    "day": [
        {
            "id": "537846897",
            "count": 66,
            "ttgn": "16:31:35 || chủ nhật",
            "joinTime": "18:50:09 || 2024-11-23"
        },
        {
            "id": "503845790",
            "count": 0,
            "ttgn": "18:50:09 || thứ bảy",
            "joinTime": "18:50:09 || 2024-11-23"
        },
        {
            "id": "100002409940156",
            "count": 0,
            "ttgn": "18:50:09 || thứ bảy",
            "joinTime": "18:50:09 || 2024-11-23"
        },
        {
            "id": "509484270",
            "count": 124,
            "ttgn": "16:43:17 || chủ nhật",
            "joinTime": "18:50:09 || 2024-11-23"
        },
        {
            "id": "1551310958",
            "count": 0,
            "ttgn": "18:50:09 || thứ bảy",
            "joinTime": "18:50:09 || 2024-11-23"
        },
        {
            "id": "100086534678860",
            "count": 0,
            "ttgn": "18:50:09 || thứ bảy",
            "joinTime": "18:50:09 || 2024-11-23"
        },
        {
            "id": "100091715182610",
            "count": 0,
            "ttgn": "18:50:09 || thứ bảy",
            "joinTime": "18:50:09 || 2024-11-23"
        },
        {
            "id": "61562537153150",
            "count": 0,
            "ttgn": "18:50:09 || thứ bảy",
            "joinTime": "18:50:09 || 2024-11-23"
        },
        {
            "id": "61561807634867",
            "count": 0,
            "ttgn": "18:50:09 || thứ bảy",
            "joinTime": "18:50:09 || 2024-11-23"
        },
        {
            "id": "100065045190324",
            "count": 0,
            "ttgn": "18:50:09 || thứ bảy",
            "joinTime": "18:50:09 || 2024-11-23"
        },
        {
            "id": "100035421814099",
            "count": 24,
            "ttgn": "16:36:37 || chủ nhật",
            "joinTime": "18:50:09 || 2024-11-23"
        },
        {
            "id": "100000493975005",
            "count": 4,
            "ttgn": "10:53:46 || chủ nhật",
            "joinTime": "18:50:09 || 2024-11-23"
        },
        {
            "id": "61550972895849",
            "count": 0,
            "ttgn": "18:50:09 || thứ bảy",
            "joinTime": "18:50:09 || 2024-11-23"
        },
        {
            "id": "1824557330",
            "count": 0,
            "ttgn": "18:50:09 || thứ bảy",
            "joinTime": "18:50:09 || 2024-11-23"
        },
        {
            "id": "100043044991011",
            "count": 3,
            "ttgn": "20:36:54 || thứ hai",
            "joinTime": "18:50:09 || 2024-11-23"
        },
        {
            "id": "1547602811",
            "count": 0,
            "ttgn": "18:50:09 || thứ bảy",
            "joinTime": "18:50:09 || 2024-11-23"
        },
        {
            "id": "61561895652856",
            "count": 0,
            "ttgn": "18:50:09 || thứ bảy",
            "joinTime": "18:50:09 || 2024-11-23"
        },
        {
            "id": "100037218437125",
            "count": 0,
            "ttgn": "18:50:09 || thứ bảy",
            "joinTime": "18:50:09 || 2024-11-23"
        },
        {
            "id": "61551738297561",
            "count": 0,
            "ttgn": "18:50:09 || thứ bảy",
            "joinTime": "18:50:09 || 2024-11-23"
        },
        {
            "id": "61562102165002",
            "count": 0,
            "ttgn": "18:50:09 || thứ bảy",
            "joinTime": "18:50:09 || 2024-11-23"
        },
        {
            "id": "100000542968113",
            "count": 0,
            "ttgn": "18:50:09 || thứ bảy",
            "joinTime": "18:50:09 || 2024-11-23"
        },
        {
            "id": "100090775216078",
            "count": 0,
            "ttgn": "18:50:09 || thứ bảy",
            "joinTime": "18:50:09 || 2024-11-23"
        },
        {
            "id": "61560372308659",
            "count": 0,
            "ttgn": "18:50:09 || thứ bảy",
            "joinTime": "18:50:09 || 2024-11-23"
        },
        {
            "id": "61562781990191",
            "count": 0,
            "ttgn": "18:50:09 || thứ bảy",
            "joinTime": "18:50:09 || 2024-11-23"
        },
        {
            "id": "61562417477353",
            "count": 0,
            "ttgn": "18:50:09 || thứ bảy",
            "joinTime": "18:50:09 || 2024-11-23"
        },
        {
            "id": "100011196246311",
            "count": 0,
            "ttgn": "18:50:09 || thứ bảy",
            "joinTime": "18:50:09 || 2024-11-23"
        },
        {
            "id": "61563474201516",
            "count": 0,
            "ttgn": "18:50:09 || thứ bảy",
            "joinTime": "18:50:09 || 2024-11-23"
        },
        {
            "id": "100024871212620",
            "count": 0,
            "ttgn": "18:50:09 || thứ bảy",
            "joinTime": "18:50:09 || 2024-11-23"
        },
        {
            "id": "61560838090296",
            "count": 0,
            "ttgn": "18:50:09 || thứ bảy",
            "joinTime": "18:50:09 || 2024-11-23"
        },
        {
            "id": "100077834568705",
            "count": 0,
            "ttgn": "18:50:09 || thứ bảy",
            "joinTime": "18:50:09 || 2024-11-23"
        },
        {
            "id": "61562557302633",
            "count": 0,
            "ttgn": "18:50:09 || thứ bảy",
            "joinTime": "18:50:09 || 2024-11-23"
        },
        {
            "id": "100085130240990",
            "count": 0,
            "ttgn": "18:50:09 || thứ bảy",
            "joinTime": "18:50:09 || 2024-11-23"
        },
        {
            "id": "100092535387940",
            "count": 0,
            "ttgn": "18:50:09 || thứ bảy",
            "joinTime": "18:50:09 || 2024-11-23"
        },
        {
            "id": "100070906366737",
            "count": 0,
            "ttgn": "18:50:09 || thứ bảy",
            "joinTime": "18:50:09 || 2024-11-23"
        },
        {
            "id": "100063600331393",
            "count": 2,
            "ttgn": "19:58:03 || thứ hai",
            "joinTime": "18:50:09 || 2024-11-23"
        },
        {
            "id": "100036283453277",
            "count": 72,
            "ttgn": "16:32:11 || chủ nhật",
            "joinTime": "18:50:09 || 2024-11-23"
        },
        {
            "id": "100016757713599",
            "count": 0,
            "ttgn": "18:50:09 || thứ bảy",
            "joinTime": "18:50:09 || 2024-11-23"
        },
        {
            "id": "100069864945865",
            "count": 0,
            "ttgn": "18:50:09 || thứ bảy",
            "joinTime": "18:50:09 || 2024-11-23"
        },
        {
            "id": "100073771381593",
            "count": 0,
            "ttgn": "18:50:09 || thứ bảy",
            "joinTime": "18:50:09 || 2024-11-23"
        },
        {
            "id": "100082897621667",
            "count": 5,
            "ttgn": "16:36:46 || chủ nhật",
            "joinTime": "18:50:09 || 2024-11-23"
        },
        {
            "id": "100095471730523",
            "count": 0,
            "ttgn": "18:50:09 || thứ bảy",
            "joinTime": "18:50:09 || 2024-11-23"
        },
        {
            "id": "100009713618289",
            "count": 0,
            "ttgn": "18:50:09 || thứ bảy",
            "joinTime": "18:50:09 || 2024-11-23"
        },
        {
            "id": "100078067479751",
            "count": 0,
            "ttgn": "18:50:09 || thứ bảy",
            "joinTime": "18:50:09 || 2024-11-23"
        },
        {
            "id": "100059637681768",
            "count": 0,
            "ttgn": "18:50:09 || thứ bảy",
            "joinTime": "18:50:09 || 2024-11-23"
        },
        {
            "id": "100001599530779",
            "count": 0,
            "ttgn": "18:50:09 || thứ bảy",
            "joinTime": "18:50:09 || 2024-11-23"
        },
        {
            "id": "100051277189546",
            "count": 21,
            "ttgn": "19:55:41 || thứ hai",
            "joinTime": "18:50:09 || 2024-11-23"
        },
        {
            "id": "61559815301855",
            "count": 6,
            "ttgn": "18:51:20 || thứ bảy",
            "joinTime": "18:50:09 || 2024-11-23"
        },
        {
            "id": "1429451704",
            "count": 0,
            "ttgn": "18:50:09 || thứ bảy",
            "joinTime": "18:50:09 || 2024-11-23"
        },
        {
            "id": "61564980540947",
            "count": 2,
            "ttgn": "18:51:50 || thứ bảy",
            "joinTime": "18:50:09 || 2024-11-23"
        },
        {
            "id": "61563830666547",
            "count": 0,
            "ttgn": "18:50:09 || thứ bảy",
            "joinTime": "18:50:09 || 2024-11-23"
        },
        {
            "id": "100078930363394",
            "count": 144,
            "ttgn": "16:43:19 || chủ nhật",
            "joinTime": "09:59:59 || 2024-11-24"
        },
        {
            "id": "61568576434188",
            "count": 0,
            "ttgn": "09:59:59 || chủ nhật",
            "joinTime": "09:59:59 || 2024-11-24"
        },
        {
            "id": "100033561261988",
            "count": 4,
            "ttgn": "12:00:00 || chủ nhật",
            "joinTime": "21:45:41 || 2024-12-15"
        },
        {
            "id": "61570277902633",
            "count": 0,
            "ttgn": "21:45:41 || chủ nhật",
            "joinTime": "21:45:41 || 2024-12-15"
        },
        {
            "id": "61570260981525",
            "count": 0,
            "ttgn": "21:45:41 || chủ nhật",
            "joinTime": "21:45:41 || 2024-12-15"
        },
        {
            "id": "61570130111206",
            "count": 0,
            "ttgn": "21:45:41 || chủ nhật",
            "joinTime": "21:45:41 || 2024-12-15"
        },
        {
            "id": "61553134410458",
            "count": 0,
            "ttgn": "21:48:54 || thứ hai",
            "joinTime": "21:48:54 || 2024-12-16"
        },
        {
            "id": "61570843531332",
            "count": 1,
            "ttgn": "00:01:39 || chủ nhật",
            "joinTime": "22:19:51 || 2024-12-28"
        },
        {
            "id": "61566025335049",
            "count": 0,
            "ttgn": "22:19:51 || thứ bảy",
            "joinTime": "22:19:51 || 2024-12-28"
        },
        {
            "id": "100008187645594",
            "count": 0,
            "ttgn": "22:19:51 || thứ bảy",
            "joinTime": "22:19:51 || 2024-12-28"
        },
        {
            "id": "61571143413666",
            "count": 9,
            "ttgn": "18:00:01 || chủ nhật",
            "joinTime": "12:30:14 || 2024-12-29"
        },
        {
            "id": "61571263191933",
            "count": 0,
            "ttgn": "18:32:01 || thứ năm",
            "joinTime": "18:32:01 || 2025-01-09"
        },
        {
            "id": "100092492468539",
            "count": 0,
            "ttgn": "18:32:01 || thứ năm",
            "joinTime": "18:32:01 || 2025-01-09"
        },
        {
            "id": "61571579068680",
            "count": 0,
            "ttgn": "18:32:01 || thứ sáu",
            "joinTime": "18:32:01 || 2025-01-10"
        },
        {
            "id": "61571689568701",
            "count": 0,
            "ttgn": "15:57:15 || chủ nhật",
            "joinTime": "15:57:15 || 2025-01-19"
        }
    ]
}