{
    "Time": "17:39:48 || 2025-01-09",
    "total": [
        {
            "id": "61554707068158",
            "count": 0,
            "ttgn": "17:39:48 || thứ năm",
            "joinTime": "17:39:48 || 2025-01-09"
        },
        {
            "id": "100074379124098",
            "count": 0,
            "ttgn": "17:39:48 || thứ năm",
            "joinTime": "17:39:48 || 2025-01-09"
        },
        {
            "id": "61552310189507",
            "count": 0,
            "ttgn": "17:39:48 || thứ năm",
            "joinTime": "17:39:48 || 2025-01-09"
        },
        {
            "id": "100088212482149",
            "count": 0,
            "ttgn": "17:39:48 || thứ năm",
            "joinTime": "17:39:48 || 2025-01-09"
        },
        {
            "id": "100093042183715",
            "count": 0,
            "ttgn": "17:39:48 || thứ năm",
            "joinTime": "17:39:48 || 2025-01-09"
        },
        {
            "id": "100090378052457",
            "count": 0,
            "ttgn": "17:39:48 || thứ năm",
            "joinTime": "17:39:48 || 2025-01-09"
        },
        {
            "id": "61556713241577",
            "count": 0,
            "ttgn": "17:39:48 || thứ năm",
            "joinTime": "17:39:48 || 2025-01-09"
        },
        {
            "id": "100077117061645",
            "count": 0,
            "ttgn": "17:39:48 || thứ năm",
            "joinTime": "17:39:48 || 2025-01-09"
        },
        {
            "id": "61555768774106",
            "count": 1,
            "ttgn": "17:45:29 || thứ năm",
            "joinTime": "17:39:48 || 2025-01-09"
        },
        {
            "id": "100086961894761",
            "count": 0,
            "ttgn": "17:39:48 || thứ năm",
            "joinTime": "17:39:48 || 2025-01-09"
        },
        {
            "id": "61553612793880",
            "count": 1,
            "ttgn": "17:46:46 || thứ năm",
            "joinTime": "17:39:48 || 2025-01-09"
        },
        {
            "id": "61556076249340",
            "count": 0,
            "ttgn": "17:39:48 || thứ năm",
            "joinTime": "17:39:48 || 2025-01-09"
        },
        {
            "id": "100030999433566",
            "count": 0,
            "ttgn": "17:39:48 || thứ năm",
            "joinTime": "17:39:48 || 2025-01-09"
        },
        {
            "id": "61569065134417",
            "count": 0,
            "ttgn": "17:39:48 || thứ năm",
            "joinTime": "17:39:48 || 2025-01-09"
        },
        {
            "id": "100084735273927",
            "count": 0,
            "ttgn": "17:39:48 || thứ năm",
            "joinTime": "17:39:48 || 2025-01-09"
        },
        {
            "id": "61564664883324",
            "count": 0,
            "ttgn": "17:39:48 || thứ năm",
            "joinTime": "17:39:48 || 2025-01-09"
        },
        {
            "id": "100073077461592",
            "count": 0,
            "ttgn": "17:39:48 || thứ năm",
            "joinTime": "17:39:48 || 2025-01-09"
        },
        {
            "id": "61553457600597",
            "count": 0,
            "ttgn": "17:39:48 || thứ năm",
            "joinTime": "17:39:48 || 2025-01-09"
        },
        {
            "id": "61554452976202",
            "count": 0,
            "ttgn": "17:39:48 || thứ năm",
            "joinTime": "17:39:48 || 2025-01-09"
        },
        {
            "id": "100082386347321",
            "count": 0,
            "ttgn": "17:39:48 || thứ năm",
            "joinTime": "17:39:48 || 2025-01-09"
        },
        {
            "id": "61552655009711",
            "count": 3,
            "ttgn": "17:46:34 || thứ năm",
            "joinTime": "17:39:48 || 2025-01-09"
        },
        {
            "id": "100095398204422",
            "count": 0,
            "ttgn": "17:39:48 || thứ năm",
            "joinTime": "17:39:48 || 2025-01-09"
        },
        {
            "id": "61567773567149",
            "count": 4,
            "ttgn": "17:43:39 || thứ năm",
            "joinTime": "17:39:48 || 2025-01-09"
        },
        {
            "id": "100075978814828",
            "count": 0,
            "ttgn": "17:39:48 || thứ năm",
            "joinTime": "17:39:48 || 2025-01-09"
        },
        {
            "id": "100070124643757",
            "count": 0,
            "ttgn": "17:39:48 || thứ năm",
            "joinTime": "17:39:48 || 2025-01-09"
        },
        {
            "id": "61564944576897",
            "count": 0,
            "ttgn": "17:39:48 || thứ năm",
            "joinTime": "17:39:48 || 2025-01-09"
        },
        {
            "id": "61566634953677",
            "count": 0,
            "ttgn": "17:39:48 || thứ năm",
            "joinTime": "17:39:48 || 2025-01-09"
        },
        {
            "id": "100084286415454",
            "count": 0,
            "ttgn": "17:39:48 || thứ năm",
            "joinTime": "17:39:48 || 2025-01-09"
        },
        {
            "id": "61551387371729",
            "count": 0,
            "ttgn": "17:39:48 || thứ năm",
            "joinTime": "17:39:48 || 2025-01-09"
        },
        {
            "id": "100090474120453",
            "count": 0,
            "ttgn": "17:39:48 || thứ năm",
            "joinTime": "17:39:48 || 2025-01-09"
        },
        {
            "id": "1429451704",
            "count": 0,
            "ttgn": "17:39:48 || thứ năm",
            "joinTime": "17:39:48 || 2025-01-09"
        },
        {
            "id": "1006428991",
            "count": 0,
            "ttgn": "17:39:48 || thứ năm",
            "joinTime": "17:39:48 || 2025-01-09"
        },
        {
            "id": "61559750542841",
            "count": 0,
            "ttgn": "17:39:48 || thứ năm",
            "joinTime": "17:39:48 || 2025-01-09"
        },
        {
            "id": "61570981775156",
            "count": 0,
            "ttgn": "17:39:48 || thứ năm",
            "joinTime": "17:39:48 || 2025-01-09"
        },
        {
            "id": "61570294943918",
            "count": 0,
            "ttgn": "17:39:48 || thứ năm",
            "joinTime": "17:39:48 || 2025-01-09"
        },
        {
            "id": "100028515336392",
            "count": 0,
            "ttgn": "17:39:48 || thứ năm",
            "joinTime": "17:39:48 || 2025-01-09"
        }
    ],
    "week": [
        {
            "id": "61554707068158",
            "count": 0,
            "ttgn": "17:39:48 || thứ năm",
            "joinTime": "17:39:48 || 2025-01-09"
        },
        {
            "id": "100074379124098",
            "count": 0,
            "ttgn": "17:39:48 || thứ năm",
            "joinTime": "17:39:48 || 2025-01-09"
        },
        {
            "id": "61552310189507",
            "count": 0,
            "ttgn": "17:39:48 || thứ năm",
            "joinTime": "17:39:48 || 2025-01-09"
        },
        {
            "id": "100088212482149",
            "count": 0,
            "ttgn": "17:39:48 || thứ năm",
            "joinTime": "17:39:48 || 2025-01-09"
        },
        {
            "id": "100093042183715",
            "count": 0,
            "ttgn": "17:39:48 || thứ năm",
            "joinTime": "17:39:48 || 2025-01-09"
        },
        {
            "id": "100090378052457",
            "count": 0,
            "ttgn": "17:39:48 || thứ năm",
            "joinTime": "17:39:48 || 2025-01-09"
        },
        {
            "id": "61556713241577",
            "count": 0,
            "ttgn": "17:39:48 || thứ năm",
            "joinTime": "17:39:48 || 2025-01-09"
        },
        {
            "id": "100077117061645",
            "count": 0,
            "ttgn": "17:39:48 || thứ năm",
            "joinTime": "17:39:48 || 2025-01-09"
        },
        {
            "id": "61555768774106",
            "count": 1,
            "ttgn": "17:45:29 || thứ năm",
            "joinTime": "17:39:48 || 2025-01-09"
        },
        {
            "id": "100086961894761",
            "count": 0,
            "ttgn": "17:39:48 || thứ năm",
            "joinTime": "17:39:48 || 2025-01-09"
        },
        {
            "id": "61553612793880",
            "count": 1,
            "ttgn": "17:46:46 || thứ năm",
            "joinTime": "17:39:48 || 2025-01-09"
        },
        {
            "id": "61556076249340",
            "count": 0,
            "ttgn": "17:39:48 || thứ năm",
            "joinTime": "17:39:48 || 2025-01-09"
        },
        {
            "id": "100030999433566",
            "count": 0,
            "ttgn": "17:39:48 || thứ năm",
            "joinTime": "17:39:48 || 2025-01-09"
        },
        {
            "id": "61569065134417",
            "count": 0,
            "ttgn": "17:39:48 || thứ năm",
            "joinTime": "17:39:48 || 2025-01-09"
        },
        {
            "id": "100084735273927",
            "count": 0,
            "ttgn": "17:39:48 || thứ năm",
            "joinTime": "17:39:48 || 2025-01-09"
        },
        {
            "id": "61564664883324",
            "count": 0,
            "ttgn": "17:39:48 || thứ năm",
            "joinTime": "17:39:48 || 2025-01-09"
        },
        {
            "id": "100073077461592",
            "count": 0,
            "ttgn": "17:39:48 || thứ năm",
            "joinTime": "17:39:48 || 2025-01-09"
        },
        {
            "id": "61553457600597",
            "count": 0,
            "ttgn": "17:39:48 || thứ năm",
            "joinTime": "17:39:48 || 2025-01-09"
        },
        {
            "id": "61554452976202",
            "count": 0,
            "ttgn": "17:39:48 || thứ năm",
            "joinTime": "17:39:48 || 2025-01-09"
        },
        {
            "id": "100082386347321",
            "count": 0,
            "ttgn": "17:39:48 || thứ năm",
            "joinTime": "17:39:48 || 2025-01-09"
        },
        {
            "id": "61552655009711",
            "count": 3,
            "ttgn": "17:46:34 || thứ năm",
            "joinTime": "17:39:48 || 2025-01-09"
        },
        {
            "id": "100095398204422",
            "count": 0,
            "ttgn": "17:39:48 || thứ năm",
            "joinTime": "17:39:48 || 2025-01-09"
        },
        {
            "id": "61567773567149",
            "count": 4,
            "ttgn": "17:43:39 || thứ năm",
            "joinTime": "17:39:48 || 2025-01-09"
        },
        {
            "id": "100075978814828",
            "count": 0,
            "ttgn": "17:39:48 || thứ năm",
            "joinTime": "17:39:48 || 2025-01-09"
        },
        {
            "id": "100070124643757",
            "count": 0,
            "ttgn": "17:39:48 || thứ năm",
            "joinTime": "17:39:48 || 2025-01-09"
        },
        {
            "id": "61564944576897",
            "count": 0,
            "ttgn": "17:39:48 || thứ năm",
            "joinTime": "17:39:48 || 2025-01-09"
        },
        {
            "id": "61566634953677",
            "count": 0,
            "ttgn": "17:39:48 || thứ năm",
            "joinTime": "17:39:48 || 2025-01-09"
        },
        {
            "id": "100084286415454",
            "count": 0,
            "ttgn": "17:39:48 || thứ năm",
            "joinTime": "17:39:48 || 2025-01-09"
        },
        {
            "id": "61551387371729",
            "count": 0,
            "ttgn": "17:39:48 || thứ năm",
            "joinTime": "17:39:48 || 2025-01-09"
        },
        {
            "id": "100090474120453",
            "count": 0,
            "ttgn": "17:39:48 || thứ năm",
            "joinTime": "17:39:48 || 2025-01-09"
        },
        {
            "id": "1429451704",
            "count": 0,
            "ttgn": "17:39:48 || thứ năm",
            "joinTime": "17:39:48 || 2025-01-09"
        },
        {
            "id": "1006428991",
            "count": 0,
            "ttgn": "17:39:48 || thứ năm",
            "joinTime": "17:39:48 || 2025-01-09"
        },
        {
            "id": "61559750542841",
            "count": 0,
            "ttgn": "17:39:48 || thứ năm",
            "joinTime": "17:39:48 || 2025-01-09"
        },
        {
            "id": "61570981775156",
            "count": 0,
            "ttgn": "17:39:48 || thứ năm",
            "joinTime": "17:39:48 || 2025-01-09"
        },
        {
            "id": "61570294943918",
            "count": 0,
            "ttgn": "17:39:48 || thứ năm",
            "joinTime": "17:39:48 || 2025-01-09"
        },
        {
            "id": "100028515336392",
            "count": 0,
            "ttgn": "17:39:48 || thứ năm",
            "joinTime": "17:39:48 || 2025-01-09"
        }
    ],
    "day": [
        {
            "id": "61554707068158",
            "count": 0,
            "ttgn": "17:39:48 || thứ năm",
            "joinTime": "17:39:48 || 2025-01-09"
        },
        {
            "id": "100074379124098",
            "count": 0,
            "ttgn": "17:39:48 || thứ năm",
            "joinTime": "17:39:48 || 2025-01-09"
        },
        {
            "id": "61552310189507",
            "count": 0,
            "ttgn": "17:39:48 || thứ năm",
            "joinTime": "17:39:48 || 2025-01-09"
        },
        {
            "id": "100088212482149",
            "count": 0,
            "ttgn": "17:39:48 || thứ năm",
            "joinTime": "17:39:48 || 2025-01-09"
        },
        {
            "id": "100093042183715",
            "count": 0,
            "ttgn": "17:39:48 || thứ năm",
            "joinTime": "17:39:48 || 2025-01-09"
        },
        {
            "id": "100090378052457",
            "count": 0,
            "ttgn": "17:39:48 || thứ năm",
            "joinTime": "17:39:48 || 2025-01-09"
        },
        {
            "id": "61556713241577",
            "count": 0,
            "ttgn": "17:39:48 || thứ năm",
            "joinTime": "17:39:48 || 2025-01-09"
        },
        {
            "id": "100077117061645",
            "count": 0,
            "ttgn": "17:39:48 || thứ năm",
            "joinTime": "17:39:48 || 2025-01-09"
        },
        {
            "id": "61555768774106",
            "count": 1,
            "ttgn": "17:45:29 || thứ năm",
            "joinTime": "17:39:48 || 2025-01-09"
        },
        {
            "id": "100086961894761",
            "count": 0,
            "ttgn": "17:39:48 || thứ năm",
            "joinTime": "17:39:48 || 2025-01-09"
        },
        {
            "id": "61553612793880",
            "count": 1,
            "ttgn": "17:46:46 || thứ năm",
            "joinTime": "17:39:48 || 2025-01-09"
        },
        {
            "id": "61556076249340",
            "count": 0,
            "ttgn": "17:39:48 || thứ năm",
            "joinTime": "17:39:48 || 2025-01-09"
        },
        {
            "id": "100030999433566",
            "count": 0,
            "ttgn": "17:39:48 || thứ năm",
            "joinTime": "17:39:48 || 2025-01-09"
        },
        {
            "id": "61569065134417",
            "count": 0,
            "ttgn": "17:39:48 || thứ năm",
            "joinTime": "17:39:48 || 2025-01-09"
        },
        {
            "id": "100084735273927",
            "count": 0,
            "ttgn": "17:39:48 || thứ năm",
            "joinTime": "17:39:48 || 2025-01-09"
        },
        {
            "id": "61564664883324",
            "count": 0,
            "ttgn": "17:39:48 || thứ năm",
            "joinTime": "17:39:48 || 2025-01-09"
        },
        {
            "id": "100073077461592",
            "count": 0,
            "ttgn": "17:39:48 || thứ năm",
            "joinTime": "17:39:48 || 2025-01-09"
        },
        {
            "id": "61553457600597",
            "count": 0,
            "ttgn": "17:39:48 || thứ năm",
            "joinTime": "17:39:48 || 2025-01-09"
        },
        {
            "id": "61554452976202",
            "count": 0,
            "ttgn": "17:39:48 || thứ năm",
            "joinTime": "17:39:48 || 2025-01-09"
        },
        {
            "id": "100082386347321",
            "count": 0,
            "ttgn": "17:39:48 || thứ năm",
            "joinTime": "17:39:48 || 2025-01-09"
        },
        {
            "id": "61552655009711",
            "count": 3,
            "ttgn": "17:46:34 || thứ năm",
            "joinTime": "17:39:48 || 2025-01-09"
        },
        {
            "id": "100095398204422",
            "count": 0,
            "ttgn": "17:39:48 || thứ năm",
            "joinTime": "17:39:48 || 2025-01-09"
        },
        {
            "id": "61567773567149",
            "count": 4,
            "ttgn": "17:43:39 || thứ năm",
            "joinTime": "17:39:48 || 2025-01-09"
        },
        {
            "id": "100075978814828",
            "count": 0,
            "ttgn": "17:39:48 || thứ năm",
            "joinTime": "17:39:48 || 2025-01-09"
        },
        {
            "id": "100070124643757",
            "count": 0,
            "ttgn": "17:39:48 || thứ năm",
            "joinTime": "17:39:48 || 2025-01-09"
        },
        {
            "id": "61564944576897",
            "count": 0,
            "ttgn": "17:39:48 || thứ năm",
            "joinTime": "17:39:48 || 2025-01-09"
        },
        {
            "id": "61566634953677",
            "count": 0,
            "ttgn": "17:39:48 || thứ năm",
            "joinTime": "17:39:48 || 2025-01-09"
        },
        {
            "id": "100084286415454",
            "count": 0,
            "ttgn": "17:39:48 || thứ năm",
            "joinTime": "17:39:48 || 2025-01-09"
        },
        {
            "id": "61551387371729",
            "count": 0,
            "ttgn": "17:39:48 || thứ năm",
            "joinTime": "17:39:48 || 2025-01-09"
        },
        {
            "id": "100090474120453",
            "count": 0,
            "ttgn": "17:39:48 || thứ năm",
            "joinTime": "17:39:48 || 2025-01-09"
        },
        {
            "id": "1429451704",
            "count": 0,
            "ttgn": "17:39:48 || thứ năm",
            "joinTime": "17:39:48 || 2025-01-09"
        },
        {
            "id": "1006428991",
            "count": 0,
            "ttgn": "17:39:48 || thứ năm",
            "joinTime": "17:39:48 || 2025-01-09"
        },
        {
            "id": "61559750542841",
            "count": 0,
            "ttgn": "17:39:48 || thứ năm",
            "joinTime": "17:39:48 || 2025-01-09"
        },
        {
            "id": "61570981775156",
            "count": 0,
            "ttgn": "17:39:48 || thứ năm",
            "joinTime": "17:39:48 || 2025-01-09"
        },
        {
            "id": "61570294943918",
            "count": 0,
            "ttgn": "17:39:48 || thứ năm",
            "joinTime": "17:39:48 || 2025-01-09"
        },
        {
            "id": "100028515336392",
            "count": 0,
            "ttgn": "17:39:48 || thứ năm",
            "joinTime": "17:39:48 || 2025-01-09"
        }
    ]
}